loreboada,""
lorecarrascoW8,"Free Spirited || Worker & Lover #TIC || Sometimes it is the people no one can imagine anything of who do the things no one can imagine || AllOpinionsAreMyOwn"
lorecastro00,"LUCHANDO POR UN MEXICO MEJOR!!!"
LoreChabl,""
lorechavz,"Futura diseñadora de interiores. Actualmente colaborando con la Fundación Iluminando Caritas A.C. ¡Necesitamos de tu ayuda!"
Loredesigner,"Art and Mkt Director / Project Manager / (Rechazo la indiferencia a los problemas de mi país). http://t.co/oNHBeOcJVJ contacto@kunstform.com.mx"
loredlagarza,"Actriz."
Loregtzr,"Enjoy  the life, be unique!"
lorehlays,"Abogada, admiradora del séptimo arte, lectora, cafeinómana y coleccionista de canciones."
lorejimenez78,"De la BELLA VERONA a MESSICO lindo y querido"
lorejuga,""
LoreKramsky,"Gabo lojero ~Chinos ~Roger ~AM  ~HNMPL ~El Joven Frankenstein|02/07/15 El mejor día de mi vida"
LoreLopezTay,""
loremusa,"Asesora de imagen karin Internacional. Estilista Profesional  Patrice Coiffieur.Maquillista egresada de Hugo Alejandro Make Up .Diseñadora Pivot Point ."
Loremyk,"Locutora @NoticiasMVS, escribo en @RollingStoneMX y @Fahrenheit_mag, editora en @LMYKLifestyle, melómana, tarantinesca y amante del habanero"
LorenaAyS,"Hija, amiga, esdaita, defeña, compradora y Patriot de corazón... Simplemente 160 caracteres no me alcanzan para definirme!"
LorenaBarbaG,"Terapeuta familiar sistémica y de parejas. Tapatia explorando tierras Zacatecanas"
lorenaherrasti,"A good life is when you assume nothing, do more, need less, dream big, laugh a lot and realize how blessed you are."
lorenakarbajal,"Me gusta la novela histórica."
LorenaLuccianBJ,"MJ❤"
lorenaolmedo9,"Los amigos se hieren con la verdad para no destruirse con las mentiras."
lorenasaavedra_,"Extrovertida, me encanta viajar y conocer personas."
lorenavc,"Mexicana, fiel creyente de México y la mayoría de los mexicanos. Internacionalista y Comunicóloga."
loreniita_1801,"Orgullosamente MAMA...y felizmente ESPOSA!!!"
lorentzenjuan,"Filósofo, maestro en docencia, amante de los deportes CARDENAL DE SAN LUIS, PUMA, MADRIDISTA, BAYERN M., NINER. Admirador de la MANNSCHAFT. DEL TENIS. ETC."
LorenzaGuerrer1,"Aprende a darle tiempo al tiempo; a esperar el momento, todo llega cuando tiene que llegar."
LorenzaTorres7,"Nada personal"
LOREONTWITT,"Busy being happy ❤️"
lorepflores,"Lic. Nutricion, especializada en Trastornos de la Conducta Alimentaria ,"
LoreSalazarC,"Fotógrafa / Lic. en Periodismo / Equipo @fotomex / Norteña desde mis pies hasta mi Aura."
LORESOUL1,"Logística-Comercio internacional"
loretaswift,""
LorielaTerveen,"¡A viviiiiir!  Contacto: lorielater-veen@hotmail.com https://t.co/wxbrXRXmrO"
LOrientLeJour,"Quotidien libanais francophone.Vous trouverez sur le site internet toute l'actualité libanaise et internationale, ainsi que les chroniques et les éditoriaux."
lormontiel,""
lorozcogu,"Periodista y locutora | Tennis | Tecnología | Música | Yo ❤️ Fotografía | Monitoreo y Análisis de información |"
Lorraine_mx,"Emprendedora tapatía. Obsesiva/compulsiva..."
lorstudiostv,"https://t.co/SoAoWl1Sbthttp://t.co/vC1nThCmEzAVISO LEGAL: Si nos envías un tweet, estás permitiendo que lo mostremos en cualquiera de nuestras plataformas."
lorwenaz,""
Loryguzmans,"Libres son quienes crean,no quienes copian,y libres son quienes piensan no quienes obedecen. Enseñar es enseñar a dudar. el Arte mi Pasion, el Amor mi motor."
LosChismesAlDia,"$$$"
LosCretinos,"✌ @thelittlejesus ✌️• Una Órbita Oficial de Fans con un toque de Tropipop • Santi, Truco, Poni, Chimo y Mendrix. • loscretinos@outlook.es"
losimas,"La única entrega de premios a la música independiente en México.   #IMAS16"
losmjrscandidat,""
lostaxistas,"La única revista independiente chilena especializada en el gremio del Transporte Urbano Menor: taxis, colectivos, ejecutivos y radiotaxis."
Lothario76,""
loubegne,""
Loudcityoficial,"Producer and DJ from Mexico City, bass music for the masses! Contact & Booking: loudcity.management@gmail.com"
loudelolmo,""
louherrera12,"Fire starter tarot reader nyctophiliac"
louis_LAGARD,"A mayor número de temerosos de asumir grandes responsabilidades, surgirá un mayor número de burócratas dedicados a no asumirlas.Trabajando #Ciudadanizadamente"
louisaraizav,"#RedSox #Buccaneers #RealMadrid #Magic #Atlas"
louisdegrange,"Ingeniero de Industrias PUC, mención Transporte. M.Sc. y Ph.D. en Transporte. Académico de la Facultad de Ingeniería UDP."
louisefdatoro,"Vallecaucana / Administradora Pública / El tenis mi pasión, seguidora de @DjokerNole / Soñadora empedernida."
lourdesaranda,"Internacionalista, consultora independiente, profesora UDLAP, Embajadora en licencia. Consejera de Save the Children."
LOURDESMONDRAGO,"AMA DE CASA"
louvedelaforet,"Cuidar el medio ambiente y su propia sobrevivencia"
LoveforLukeH_,"Si no te conocen en persona no te lo tomes personal -Andrés Navy"
Lovelywichita,""
lovepdcsv,"-Zayn es mi religión y Villalobos mi pastor-#MindOfMine #BEFOUR  OK.CA♡"
Lovesmile_M14,"auxiliar de servicio a bordo ✈️☁️ el cielo tiene limites un futuro por cumplir..un sentimiento una pasion gracias a mi viejo CISF❤️ toda la vida!! CABJ.."
lovoes,"Sin temores ni esperanza. Alarife, pescador y ateo."
Lownadamas,"no_description"
loy_gonzalez,""
loz_leme,"Me gusta lo positivo, la amabilidad, la sonrisa. No me gusta la intriga, la critica, ni la maldad, procuro dar lo mejor a los míos y a los otros."
lozagarcilita,"Politólogo por @ITESO /Zapopan/ Lo más merecedor de pensarse, lo que desde siempre y para siempre da que pensar, permanece inicialmente retraído en el olvido-MH"
lozaime,"Si no hay justicia para el pueblo que no haya paz para el gobierno"
LozanoCutberto,""
LozanoEloiza,"Enamorar con una sonrisa jamás pasará de moda."
LOZANOMARMO,""
LpezFelipe,"Licenciado en Filosofía por Die Schule des lebens. Amante de la vida, aunque esté en pecado."
LpezPabs,"Party Locotaaaa.!"
LpezTrinidad,""
LPlancarteM,"Filósofa."
LPOMx,"Portal de política y economía de México."
lpomx,"Portal de política y economía de México."
lpondelek,""
LPreve,"Professor and Researcher at the Center of Risk and Uncertainty Management at IAE Business School - Managing Partner at https://t.co/FgJFHFL5eP"
Lpsnet,"Crazy, Free and Blue... Comunicóloga por vocación, amante de la belleza y los grandes placeres de la vida."
lpz_37,""
lquirosr,"Bourgeois, rationalist scum."
LR_03,""
LRana24,"Ya no busco explicaciones. Soy feliz con lo que tengo"
lromerodip,""
lrpalr,"Intento de fotografo. Melómano, Taurino y azul. Amante de la gastronomia. Fan de A. San Luis, Barza, Federer, 49ers, SF Giants, McLaren, Golden S."
lrubiof,"Twiteo textos de los que aprendo, independientemente de coincidir. I tweet articles which make me understand, regardless of whether I agree with their content"
lscpancho1979,""
LSDPractice,"Nací con los pies chuequitos."
lsegoviat1878,""
LsOcampo,"Snapchat: lsocampo                                          Cook or Die."
lsolorioh,"Guadalajara, Jalisco México"
Lsores,"Sarcasm : the ability to insult idiots without them realizing it."
lssrzprz,""
LtaAlex,""
lTESMM,""
LTLudendorff,"Soy un laberinto onomatopéyico."
LTobar21,""
Lu_ciernaga,"Siempre quise ser astronauta, pero lo más cerca que he estado del espacio a sido gracias a las botas de plataforma. Publicista. Fotografía."
Lu_Kor,"Mi trabajo fotográfico es un eslabón en la cadena de conocimiento y experiencia que es el arte."
lu_ram01,"¿Por qué soy tan guapo?"
lualgimi,"El amar es dar todo al ser que esta a tu lado, y dejarlo ir cuando ya ha aprendido todo de ti."
luantce,"security researcher, amante del hacking y la tecnología en general | Geek | infosec |"
luar_bago,"Business Management Bachelor with a Marketer soul. Snapchat: @luisarbargon Instagram: @luisarbargon / @luisbarphoto"
LuArboledaL,"Mamá, amante del café, las librerías y las películas románticas."
LUAROTOS,""
lubinatica,"de la ☾, amante de las piñas coladas. levita cuando nadie la ve. Todavia cree en la magia."
lubinchan,"Darling, I'll bathe your skin, I'll even wash your clothes Just give me some candy before I go"
lubjuana,"Creo en la Justicia y la Verdad ante todas las cosas. Siempre hay que ir de frente, hay que ser responsables y asumir las consecuencias de nuestros actos."
luc4m3d1,"no_description"
luc_0407,"El que no quiere a su patria no quiere a su madre"
lucaica,"walking on a dream!!"
lucalderondm,"vagaMundo Dicen que urbanista, constitucionalista, administrativista y abogado. Ahora vamos a por lo de γνῶθι σεαυτόν pero eso esta perro. ANTE TODO MUCHA CALMA"
lucallano1,"Los grandes hombres no son grandes a todas horas ni en todas las cosas"
lucalopmar,"Si se trata de hablar de mi, llámame tengo mucho que contar y etcétera  #Política #IndustriaCulturales #Tecnología #Marketing #SocialMedia"
lucapaezian,""
lucas1827,"Apasionado por JESUS EL HIJO DE DIOS"
lucas26491,"no_description"
Lucas_EscobarC,"RCN Radio | #SocialMedia | Web Analyst | Periodista | Responsable de lo que digo, no de lo que entiendas. Felizmente casado con @Dimariamc."
lucasestevane,""
luccielovesyou,"Escritora apasionada y enamorada del contexto. Youtuber con el corazón abierto."
luccytera,""
LuceritoBermudz,"Yo no preparo mi futuro, él ya tiene todo listo para mí"
lucero_miranda,"Observadora de mi Patria-Tierra. Profundamente mexicana. Aprendiz constante de la vida. Buscadora de formas mejores para la ética y la ciudadanía."
LuceroAlvarezO,"Conductora, norteña y defensora de la igualdad de genero. El Financiero Bloomberg México. @ElFinanciero_Mx @BloombergNews @BloombergTV"
LucerooRuo,""
LuceroS1981,""
lucesdelsiglo,"Multimedio informativo de Noticas de interés económico, político, deportivo, social y cultural de Quintana Roo, México y del Mundo."
LucevinGomez,"Periodista de El Tiempo"
lucheto,"Sigo haciendo cosas https://t.co/seo87ZPrzu / https://t.co/Jl0vHMVYtK"
lucho708,""
luchomm10,""
LuchoVargas,"Follow the crew! Instagram: ➡️@luchovargasc ➡️@meahboutique ➡️@gmdress ➡️@housing_online snapchat: luchoevargas"
Lucia_Poetica,"Poetiza Alajuelense, Secretaria y Fotográfa aficionada (http://t.co/8VI3uwvZqx). Esposa enamorada de @Jairo1982"
luciabastidasu,"Concejal de Bogotá;enfocada en defensa movilidad,espacio público y mujeres;mamá de Jaime Andrés. #Peñalosista"
luciadinaromero,"no_description"
LuciaEBaena,"Periodista, presentadora. Ahora desde otra orilla. Orgullosamente pastusa. OPINIONES PERSONALISIMAS."
luciairabien,"Mexicana, periodista, cocinera y más. Ya no estoy en el exilio..."
luciana61600420,"Hincha fiel de Millonarios - Real Madrid -                River Plate ⚽⚽⚽"
lucianaderm,"Seminariosyproyectos.Psicóloga Clínica,Sexologa y T. de pareja. Autora: Todos los Hombres Son Iguales, Por Qué Tan Sola. Dos para ser felices"
LucianoTolfo,"I'm a passionate software engineer, entrepreneur and coach. I deeply believe in synergy and teamwork as the key to achieve every success."
LucianoTorresC,"Administrador, Magister Planeación Urbana y Regional. Aquí se debate de Política, Economía,Derecho y otros temas. Algunas veces con sarcasmo.Bienvenidos."
Lucics,"Aprendiz de periodismo"
luciferpdc,"México,DF 16 años ♡∞ •El Chico Que Cambio Toda Mi Vida Con Su Sonrisa SV. PDC•♡∞ #Paisana #Humanoide #Batinovia #Jaramishana #Juanatica Sígueme &' te sigo"
lucifferk,""
LucilaUlloa,""
Lucina,"Time Being. Lic. en Derecho. Ing. Ambiental en proceso."
lucio_70,"Ing. Eléctrico | Estudiante de Maestría en Energía Renovable UAG."
luciomaximus,"Six of One"
LucioTarquino,"no_description"
lucisner,""
luckyp24,"☝.Aprendí a vivir sin esas personas que viven sin mí.  ヅ"
lucreciada,""
Lucy13bonita,"no_description"
lucy_2020,""
lucy_sq,"Maestra por vocación. Interesada en el bienestar de mis alumnos. En que aprendan a amarse y respetarse a ellos mismos y a los otros..."
lucyangelissim1,""
lucycontreras26,""
lucycordoba53,"Ama de casa con Twitter. :)"
LucyGomezM,""
lucygomezrios,""
lucygrover,"Designer graphic"
LucyJardon,""
LucyLucycascal,""
LucyTatuliz02,""
lucyvanhousen,"Soy original,comunicóloga por pasión, feliz por convicción,amante del amor,la vida  se vive con pasión, más no alocada, ser feliz es mi vicio, amo la vida."
LucyWonderful,"Activista, defensora de derechos humanos, karatedoka, mediomaratonista, aficionada al basquetbol... Lo que escribo aquí es a título personal."
ludasan777,""
Ludtg8,"Sin etiqueta ! ... COMPROMETIDA al Amor. despierta a la vida ! Ñoña con causa hasta el Final ... 100% casual ..."
LudwingChima,""
ludysdelcarmen1,"Defensora deDH. premio Nacional de Paz.Premio Mejor Lider del Pais.Premio franco Aleman d Derechos Humanos. Lider Nacional deRestitucion d Tierras. CarmenPalenc"
luearaujo,"we should be calling for leadership that will challege us to face problems for which there are no simple, painless solutions. Leadership Without Easy Answers."
LuengasClau,"Directora General Jurídica y de Estudios Legislativos"
Luengus,"Cruz Roja...un estilo de vida. Oficial de Alojamiento de Emergencia . My tweets are my own."
lufeloa51,""
Lufer_1,""
luferasa,"Graduado de BI, estudio actuaría y me gustan las matemáticas"
luferduque,"no_description"
luferoro770624,""
luferuji,""
lugaguirre,"Derecho y Arquitectura"
LuGe_D,"Tuitero."
lugoedg,"No me agrada la gente que culpa de todo a su gobierno, mejor deberían trabajar adecuadamente y mantenerse en constante preparación. -PedroInfanteLieber."
LugoMaik,"[PLUR]"
Lui9212,"Aprender, jugar, conocer....disfrutar la vida es parte esencial de cada día...Ingeniera Multimedia"
luibel55,""
luichito_pina,""
luieslo,"no_description"
luiespitia,"Tengo toda la vida para intentarlo."
Luifer_Cuello,"Cantante Colombiano precursor de la nueva ola!!! 12 años de carrera musical contacto directo:3008032700 y 3117800077 correo:luifer_cuello@hotmail.com"
luigermarin,"¿160 caracteres para poner algo acerca de mi? Es muy poco espacio... O tal vez demasiado."
luiggislp,""
Luigi_Angelus,"MLM el mejor sistema generador de recursos. Sólo tenemos que trabajar con responsabilidad, disciplina,  constancia y convencidos al 100% de sus reglas"
luigi_chilango,"Locutor, conductor, columnista, productor de medios y espectáculos. Más corriente que común ;)"
luigi_Tesigue,""
luigicantu,"Reportera.  Quisiera imaginar el futuro en vez de aceptarlo, E.G."
luigiloigi,"De niño quería ser doctor o quimico...Ahora soy dj/gamer/social media marketing. @gamesstartercom digital marketing strategist"
LuigiVB97,"Si la vida fuera justa yo no sería tan feliz."
Luigui_Daniel_,""
luiguivilla,""
LuiiRamirez1,"Podré ser graciosa,risueña, malgeniada,mal mirada, odiosa pero nunca una estrella de porno."
LuiisChavez92,"22. LCS"
luiiz_010,"no_description"
Luijis,""
LuiManuelBarron,"El pensamiento no perdura si no está plasmado en letras...."
LuiMonroy,"Orgulloso Caribe. Economista."
luinnova,"Founder @innovaidem"
Luirregos,"no_description"
Luis0n,"Enterprise Development entusiast, Digital Technology advocate, Business Planning professional, Personal Development seeker, Husband & Father lover."
luis14lh1,"entrenador personal fuerza,corazón y mente   contacto:hernanteam14@gmail.com"
luis20035,""
luis28461,""
luis303156a,"naci, creci y disfrute cada momento en el viaje del universo y me ire cuando alguien de alla arriba lo decida, de mientras muchas gracias por cada amanecer"
Luis_A_Diaz_O,""
Luis_Arevalo,""
luis_atg,"2015....."
Luis_Brgn,"Mi nombre es Luis,  y yo amo el Skate, Rock, Reggae & Futbol."
Luis_Bugarini,"Escritor"
luis_cuevas,"Instagram: @luis_cuevas"
Luis_GallardoD,""
Luis_GDL,"Soy un personaje que yo mismo me he inventado."
Luis_GNDL,"Graphic designer & project manager at @jnzmx + GNDL co-owner."
Luis_GonzalezT,"Economista. Colaborador en @IzqMX http://t.co/qipjqNwS"
Luis_Gzlz,"MKTDI | #BeTheDifference | #11 | You'll Never Walk Alone | 21 | KSHMR"
Luis_Jacob,"Before you talk, listen. Before you react, think. Before you criticize, wait. Before you pray, forgive. Before you quit, try...."
Luis_javierS,"I love my life, my country, people around me, and the life that God gave me. Follow me on Instagram @luis_javiers"
luis_k_arenas,""
luis_manriqez,"Estudiante de Derecho y Finanzas,                  aficionado al cine.                                                       ITESM Campus Puebla."
Luis_Montilla95,"Millonarios FC Escuela de Gastronomía Mariano Moreno"
luis_mtz87,"Lic. en Mercadotecnia Internacional, colaborador en https://t.co/o0krXtMPOA . No soy lo que un padre quiere para su hijita bebé.https://t.co/SbYoG3TIzf"
luis_torres92,"Regio, International Business Degree, por cada seguidor nuevo un swagboy conocera el rock"
luisa_crv,"Chilanga chaparra, pecosa y ruidosa dando el rol por ésta ciudad. Haciéndole a la producción audiovisual. Experimentando con la vida."
luisacadai,"Programador por convicción, con interés por seguir desarrollandose en el ámbito personal y profesional. Un poco agridulce en su manera de ser."
luisadriancl,""
luisafdz7,"Haz lo que puedas, con lo que tengas, donde estés"
LuisaGuaqueta,"Vita venit et recedit"
LUISALBERTOVA17,"Duele ver naufragar: Democracia, Institucionalidad, libertades individuales y colectivas, Economia, etc,  ante la indolencia de mis compatriotas y las FFAA"
luisalexlopez01,"Your strategy is a good as your execution Andy Grove"
luisalvear9999,""
luisamg_,""
LuisaMlrn,"Transformadora de vidas, sembradora de conocimientos y valores, constructora del mañana y apasionada con el trabajo encomendado por Dios."
LuisAndreuB,"Libertario de razón y corazón. Creo en la Libertad, la Desigualdad  y la Fraternidad espontánea. Vivo en un país socialista y república bananera (México)."
luisangel3014,""
luisangel_tr,""
LuisAngelMonro9,"Director General Servicios Financieros"
LuisAntonioAv,"alias:Sheldon"
LuisaParraToro,"I'M GOING TO DIE ALONE."
luisaro76087498,""
luisatrana,"Te gusta lo que ves? jeje"
luisbecerra_mx,""
LuisBello_JR,"No soy famoso y lo agradezco enormemente! Amante del futbol y siempre junto al @Arsenal y @OFICIALATBUCARA!"
luisbenitoareva,"Interesado en la vida sociopolítica del país, buscando aplicar el menos común de los sentidos a la realidad que compartimos..."
LuisBesana,"Un dia descubri que el FB era una mierda. Voy a intentar con Twitter a ver que pasa"
luisbon,""
luiscar0714,"Ingeniero Industrial, analista de proyectos en Totvs México, amante de la NFL"
LuisCardenasMx,"Periodista en Noticias MVS, Canal 52mx, El Universal Online, Mexican Times y más. Lo que tuiteo representa lo que pienso yo y no las empresas dónde trabajo."
LuisCardenasMX,"Periodista en Noticias MVS, Canal 52mx, El Universal Online, Mexican Times y más. Lo que tuiteo representa lo que pienso yo y no las empresas dónde trabajo."
Luiscardenasmx,"Periodista en Noticias MVS, Canal 52mx, El Universal Online, Mexican Times y más. Lo que tuiteo representa lo que pienso yo y no las empresas dónde trabajo."
LuisCarlos,"Hackeando el periodismo en la Venezuela electoral. Glocal | Tejedor de redes, tecnologías e infociudadanía | HangoutPolítico | BOBs2013 | PGP 0x06aa9eb8eb252760"
luiscarlos2106,"ingeniero en navegacion terrestre y fan de @viborildasiue"
luiscarlosroj20,""
luiscarvajal0,"Estratega Comercial, Lic. en Administración y Marketing, Irreverente defensor del toro bravo y fiel al rebaño sagrado. El arte es una forma de vida"
LuisCastilla,"Solo soy un amante de la música."
LuisChataing,"Sígueme en www.facebook/LuisChataingSupremo"
LuisChavez7,"Lic. Sports Marketing"
LuisChi,"Viajero y apasionado de los negocios, actualmente comprometido con la Renovación del Transporte Mexicano. Devoto admirador de la cerveza y el mezcal tradicional"
Luisciernaga,"Amo a Dios, Amo a mi Familia, Amo la vida. Asi de sencillo"
luiscmtz,""
luiscorozcod,""
luiscortes_8,""
luiscova95,""
Luiscrown,"Liquido completamente natural para equipo electrónico, listo para tu vapeo."
luiscueva25,""
LuisDanielGon20,""
luisdaniels2652,""
luisdavidglez,"siempre he pensado que la vida es demasiado larga para odiar a alguien, y muy corta para disfrutar los momentos con los seres q amamos"
Luisdelaoc,"SIGO AL QUE ME SIGUE,O INSPIRA,COMPARTO MENSAJES QUE LES PUEDAN SERVIR A USTEDES Y A MI,TWITTEO O RT.LO QUE ME PARECE INTERESANTE. #TeamFollowBack"
LuisDeUriarte,"Director de Comunicación en Uber. Fan de la innovación que beneficia a la ciudadanía. Clavado en la búsqueda constante de nuevas experiencias culinarias."
LuisDeUriarte…,"no_description"
LuisDeUriart…,"no_description"
LuisDeUriar…,"no_description"
LUISDUQ32,""
LuisDz_,"Toco con los @GhettoKids_ , diseño ropa en @buenosdiazmx , dirijo y escribo en @Escandalo_ // Instagram: luisdiazz // || luisdiaz.official@gmail.com ||"
LuisdZVega,"Discovery consists of seeing what everybody has seen and thinking what nobody has thought."
LuisD…,"no_description"
LuisEd09,""
luiseduardoinf1,""
LuisEnriqueMen,".....Innovacion, Politica & Showbusiness..... Director de Relaciones Institucionales en Epsilon Media / EpsilonEntertainment / GrupoRadioAlegria / PeriodicoABC"
LuisEnriqueSaG,"“El amor es nuestro verdadero destino. No encontramos el sentido de la vida por nuestra cuenta - lo encontramos junto alguien .” -Thomas Merton"
LuisEPenaG,"Abogado y consultor en materia legal, Maestro y Especialista en Corporativo por la U. Anáhuac México Norte. Pasión por libros y deportes. Viviendo positivo!"
Luisescon29,""
LuisEspindolaV,"Swag is for boys. Class is for men."
LuisFalconi,"Digital Mkt and Social Media Manager-Movistar MX. Ex-OgilvyInteractive. Ex-MNCP. Ex-Museográfica."
luisfcerrillos,""
luisfe747,"SKBO 7/3"
luisfemago,"Magister, Políticas Educativas Internacionales. EdM, International Education Policy."
luisfer9,"Teatro, política y perros. Norteño en DF. Trabajando en @ElReyLeonMexico y @BuleBuleElShow."
LuisFer90624269,""
luisfervillegas,"Habitante de este mundo...mientras no exista otro...Anti FARCSANTOS,a otro perro con ese hueso!!"
LuisFesc,"CHIAPAS"
luisffierro,"Profesional en ciencias militares, y asesor en seguridad  y logistica."
luisfibarra,"Ing. Industrial, espontaneo, versátil y con mucha actitud frente a la vida....disfruto de una buena conversación y me gusta aportarle a la gente a mi alrededor."
LuisFilo8,"Nunca he fallado un tiro penal (ni en partido oficial, ni en cascarita)"
LuisFPedraza,"Periodista, amante de los deportes. Opiniones personales. Madridista."
luisfuentesvzq1,"Soy egresado de ciencias políticas y me preocupa mi país, sigo de cerca lo que sucede y trato de aportar soluciones"
luisfusim,"Amo la tecnología y todo lo relacionado con ello :D desarrollador Android, Backend, Web..."
luisfvm84,"Luis Fernando Vazquez Miranda , Contralor de Promotores del Centro, S.A. de C.V. (Contador Púbico egresado de la UAQ)"
luisgabrielcl,"Técnico en administración informática y electronica. Me encantan los ordenadores y experimentar con nuevos sistemas operativos. Intento dar soluciones sencillas"
luisgaj2000,"jalisciense de corazón instagram :alvarezluisjesus  y arriba las chivas y la música y la fiesta y amo a ariana grande focus on me"
Luisgb1987,"Todo en la vida se busca, nada llega solo Con la mira en el cielo, con los pies en la tierra ¡Azul a morir! Lector empedernido y apasionado por la ortografía."
LuisGerardoMX,"Sarcástico, chingativo, bebedor y muy grosero ¡Ese soy yo! (Quedan advertid@s)"
LuisGerardor,"Adicto a la buena música| Amante de la practicidad|Intolerante ante la injusticia| Rockeando desde 1985"
luisgrano26,"Deportes y series. Amante del baseball y Tomatero de corazón."
luisgrijalba,""
luisgu26,"Biotecnologia Reproductiva Equina"
LuisGyG,"Clix CNN, Grupo Fórmula, @brozoxmiswebs, #FerrizLiveTV. YT: https://t.co/X4LvF5ctYt FB, Instagram y Snapchat: LuisGyG. Conferencias: contacto@luisgyg.com."
luisgzas,"founder @kinedu - Endeavor Entrepreneur, @adveniomx Passionate about finding simple solutions to complex problems. @stanford @harvardhbs Views are my own."
Luishafl,"quien lo desperto?.,.GuionCine MUY FUERTE;para 2 actrices MUY ACTRICES Mexicanas"
luishernang,""
LuiSiempreFiel,"somos los de la akd"
luisifu2304,"Arquitecta, Directora de @archdailyco! y deportista por ratos."
LuisilloVazquez,""
luisilpichardo,"Diseñador Gráfico, Cinéfilo, observador sarcástico de la realidad, Puma hasta la obsesión, Maradoniano por religión, MJ fan!"
luisinfanzon124,""
LuisinUs,""
LuisitoComunica,"Intenté buscar un trabajo; luego decidí crearme uno. • Contacto: luisitocomunica@gmail.com •"
luisitoflowers,"ps yo naci un 24 de enero de 1991 soy acuario, mexicano, chilango y gay!"
luisitohdz74,"Ing. en Electrónica. Mi familia es toda mi vida! Mi pasión el Fútbol, el Cine, el Rock Alternativo y pasear a mi perrito Yankee!"
luisitortega,"Whatever people say I am,that's what i'm not."
LuisJacoboRojas,"no_description"
LuisJaJa,""
LuisJLinaresH,"Defensor de los principios y valores perdidos. La verdad es condición de la justicia. Los tuits, a título personal."
LuisJocker,"Lic. en Periodismo / #Reportero de #Espectáculos"
luisjvaleriano,""
luisk79,"el reparador de sueños"
luiskoko,""
LuiSkywalker_,"Biol. Estudiante de Maestría en Ciencias biológicas y profesor de área II.   ¡América, Barcelona y Seahawks!"
luislatorre2014,"soñador enamorado de la vida e amante del fútbol e hincha del más grande de colombia atlético Nacional de medellin"
LuisLiraCk,"Ingeniero de profesión, friki por vocación."
luisltj73,"ventas"
LuisLujan,""
LuisM_Machado,"Enfermero - Amante De Mi Profesion."
LUISMAKS,""
luismanuel83,"Maestro en derecho por el ITAM, estudié en la UDLAP. Gerente Jurídico INFONAVIT Veracruz"
LuisManuelArell,"Potosino; periodista en lucha contra el VIH/Sida y la discriminación; colaboro en Grupo Imagen. Mis temas: política, medios, ciencia, salud y sexualidad."
luismanueltea,"Cantante, Ingeniero en Sistemas y Mercadólogo. Romántico empedernido y sarcástico por naturaleza. Amo la música... Sígueme!"
luismar5558,""
LuisMartinCort,"Aficionado al boxeo// Emprendedor Social// Activista de la Educación// Sindicalista"
LuisMBaeza,"no_description"
LuisMejiaC,"Aficionado en la vida, profesional en disfrutar del proceso; pensador e imaginativo compulsivo... Pienso vivir para siempre, o morire en el intento."
LuisMercadoG,"100 % Tapatio, Rock Rules , Chiva Hermano"
luismezza,"♥"
LUISMGT,""
Luismi41621630,"CADA INSTANTE, CADA MOMENTO ES UN MILAGRO INEXPLICABLE DE DIOS"
luismimora,"Especialista en el Gourmet Callejero.. Comerciante por naturaleza, Opino de todo y nada, Necaxista en peligro de extincion"
luismioficial,"inter hot"
luismiretotal,"En Modo: En manos de Dios....todo es más sabrosón  ☺️"
luismnl23,"D'uh"
luismontoya72,""
luismorabrito,"idealista, twittero de corazon amante del buen humor (negro y ácido) de la buena comida, vino y de la lectura."
luisnc26,""
LuisNova,"Actor, Locutor y Periodista.  Mi vida se resume en cine, libros, música y comida. #CineMental"
luisorlandopj,"Interesado en la política desde la sociedad civil. Dialogo con los DDHH, los DD originarios, la sociología y la filosofía. Soy estudiante de teología y poesía."
luisoso72,""
luispazos1,"Profesor de economía política. Editorialista y comentarista. Autor de: Los ricos del gobierno, Politicas económicas y Desigualdad y distribución de la riqueza."
luispecialone,""
LuisRafaeel_,"UQROO: Gobierno y Gestión Pública."
luisramirez064,"SOLO HAY ÉXITO CON ESTRATEGIA"
LuisRamiroRB,"Administrador de Empresas. MSc (c), UN Sede Bogota. Estudios de competitividad como estrategia de desarrollo territorial"
Luisrayot,"casado aficiónado ala lectura me gusta la cuestión política, tengo negoció propio, soy un hombre con visión, católico t honrrado"
luisrd,"Soñador profesional, estudioso de la cultura pop y comunicólogo en proceso. Un mundo donde quepan todos los mundos."
LuisRemix,"abogado, amo la música, la comida, el ron, el fut, la vida"
Luisrfc96,""
luisroayala,"De vez en cuando la vida toma conmigo café.- Counselor.-"
luisromano1,"siento que yo debería ser más famoso ☝️. me encuero en Snapchat cuando estoy aburrido y soy gurú motivacional en Instagram Management: @GabrielBlancoi"
luisruu,"Productor  de @shortsmexico amante de los cortometrajes"
LuisSantinho,"Los GRANDES CAMBIOS, los hacemos todos con PEQUEÑOS ACTOS cotidianos."
luissmt,""
Luissoriavelez,"Politólogo, orgullosamente Nayarita, apasionado por la política. Marketing Político | Política 2.0 | Redes Sociales | Tecnologia. #3GENC"
luistovar5,"tamaulipeco de nacimiento,tapatio por adopcion.interesado en todo lo que pasa en mi mundo , cinefilo , melomano y lector empedernido."
luisvarela888,"Si algo no se puede probar no significa necesariamente que no sea cierto."
LuisVargasTovar,""
LuisVelazquezC,"Director General de Capital MX y secretario de la Asociación de Periodismo de la #CDMX https://t.co/dbCCP8wvNd"
luisvillalobosa,"Microempresario,  franquiciatario y docente,  miembro academia LANCE @EBCcampusqro,  email le.villalobos@ebc.edu.mx y lvillalobos.mx@gmail.com"
LuisVtz,"Soy de Guadalajara, Mexico. Contenido gay explícito. Esta cuenta es por puro pasatiempo, no te confundas. No Girls please, no sigo sin foto"
LuisWertman,"Soy tu par. Soy ciudadano.  Creo firmemente en la corresponsabilidad ciudadana. Presido @elconsejodf"
luisx3638,""
LuisYayochiva76,"Vivan las Mujeres y Mexico!!!"
luisyepesb,"Aquí, sólo ciberciudadano. Periodista, especialista en Gerencia Social. Mis temas: sociedad, comunicación, ambiente, educación, RSC, libros; salsa y jazz."
LuiszGalleta,"Y resulta que el héroe es tan solo un hombre, papá de gemelos ..."
Luiz_CT,"They made me do it."
LuizFallout,"no_description"
Luizitouch,"--- *-* #SmasherFamily DV&LM-#1 *-* --- Mi sueño es ser un gran DJ/PRODUCTOR *-* Amo La Musica Electrónica *-*FOLLOW X FOLLOW"
luizitto,"Americanista. Culé. De humor ácido, loco, bebedor, trovador y bohemio. Médico en mi tiempo libre. Amable cuando me apetece, antipático cuando no."
LuizMoralesM,"Hombre adecuado en el sitio equivicado, mentalmente divergente,Nomada del corazon, hombre analogo en un mundo digital"
lujan_gm,"Beatlemano de la Facultad de Arquitectura de la UNAM, mi beatle favorito es Paul"
LuKa5iTo5,"no_description"
lukas_kokoloko,"."
lukascasa291m,""
lulaaleman,""
LulaSoan,""
LulioLuna,"♊,  #FESI - Medicina. Me gusta percibir señales de audio a través de ondas de radio. #karma police. A todos les gusta una broma, pero a nadie le gusta un tonto."
lulo1504,"Crushed like a bug in the ground"
lulosilv,""
lulu23458,""
Lulucitachula,"Look siempre fresco y divertida"
lulucitacr01,"Soy feliz, x convicción . Amo y respeto la vida, creo en la verdad ....  Y conoceréis la Verdad, ... y la Verdad os Hará LIBRES ** OBVIO Egresada de la UIA"
luludk_,"mkt —Aficionada a las ideas y la fotografía, fan del drama y los colores de la vida real, partidaria de la creatividad, inspiración & emociones."
Lulufe20,"Comunicadora Social.Universidad Santo Tomás."
lulugaytan43,"hola"
lulununez_quin,"Relaciones Públicas en Duelo por México, compartiendo momentos importantes con gente de increíble fortaleza."
luluonti,"Ecologista y solidaria. Peace & Love"
luluramos_,"no_description"
lulusolg,""
lumbre_,""
lumoca_,""
luMontana,""
luna5411,""
lunarios007,""
lunes12148,""
lunitamapa,""
luospina,""
lupapala,""
lupiscrisanto,""
lupisgonzvega,""
lupispaz,""
Lupita345orM,""
lupitachinas,""
LupitMoralesC,""
lupitru,""
Lupixmilan,""
LuqueMarimar,""
LUROBCA,""
luxviole,""
luz_munevar,""
LuzAcvs,""
luzalmita,""
luzangelalum,""
luzangelicalop5,""
LuzCortes2000,""
luzexonfire,""
luzguzmangomez,""
Luzmacoco,""
luzyafuerzas,""
LVazor,""
lycans15,""
Lyv10,""
m1_on_air,""
m4rk5_,""
m_ramso,""
m_valencia99,""
ma_az_12,""
maalzate,""
MaangelesTc,""
mac_corp,""
macabern,""
macaja1010,""
MaCamilaLP,""
MaciasEsteban,"Al final todo está conectado"
maciva1218,""
maclaudia211,""
MacoyFher,""
macrisnube,""
Madakekua,""
madasa0312,""
madeleinelat,""
Maery001,""
maespinosa2112,""
maestro8518,""
mafe674,""
mafe_mesa_9715,""
mafe_valdivieso,""
MafeHoyosC,""
mafer_dm,""
MaferBoschetto,""
mafevaronc,""
magaleesuarez,""
magalicuevas,""
MAGALLI_SL,""
magalmado,""
magalymagda44,""
MagdadegreiffR,""
MagdaRo92478465,""
MaggCampos,""
maggievelez,""
MAGNOLIALUGOLOP,""
MagoCuellarP,""
MagoImbett,""
magu_05,""
maguejacob,""
MahechaPato,""
MaHelenaO,""
Mai_Blanca,""
maigualidaq2011,""
maikcortes,""
mailkex,""
mainiga100,""
maironska1,""
majamu1956,""
Majo9410,""
majogps,""
majomtzc,""
malacosa81,""
malanches,""
malavi22,""
malbamarina,""
malejandrades,""
malenasilvabaez,""
MalignoPayaso,""
malour4,""
Malu_Mor,""
mamaquetrabaja8,""
Mamartha27,""
mamezcua,""
mamitutia,""
managoy,""
MananasBlu,""
mananieto,""
Mancinni777,""
mando264,""
manolo2117,""
MANOLO_MR,""
manolomtz1971,""
Manue1Hdez,""
manuel122555,""
MANUEL721127,""
manuel8ar,""
manuel_ortiz16,""
manuelbn,""
ManuelC28803146,""
manuelcsolis,""
manuelg54054687,""
ManuelManP,""
manuelrochar,""
manuelvergara62,""
MANULOABRIL,""
Manumom,""
manzanas09,""
manzano16318,""
Mao74969961,""
maocabera,""
maor913,""
Mapegu1,""
mapily12,""
MAPIMO2,""
MapissBravo,""
mar10_lopez,"La IGNORANCIA, NO es VERGUENZA, si el SILENCIO la RODEA!"
Mar10Ro4,""
mar391millitas1,""
Mar_gare_te,""
mar_mpb,""
MaraEugeniaZerd,""
maragala,""
Maralsusa,""
marami134411,""
maras_82,""
MarcAlejandrop,""
Marceaco09,""
MarceAyala,""
marcelamar07,""
marcelamtz04,""
Marcelaper21,""
marcelarosasala,""
MarcelaVenega14,""
marcelinda198,""
marcelmar22,""
MarceRuizP,""
MarceVerynice,""
marciallopezg1,""
marciano___,""
marcmerg78,""
Marco_Morera,""
Marcoadionicio,""
marcoal63664118,""
marcoamar72,""
MarcoAn76341979,""
MARCOANTONIOR24,""
marcocuanalo,""
MarcoMSarmiento,""
marcossalazar73,""
MarcrixNoticias,""
marcups,""
Marcus1976Green,""
mareila2,""
MargaritaAlamed,""
MargaritaBandal,""
margaritagoco,""
margaritas17,""
margatellez,""
marggie27,""
margherita_p,""
marglezdelarosa,""
MargothRuda,""
marguidelc,""
MargyNoriega,""
mari45v,""
mari61882,""
maria68534,""
Mariachupete,""
mariacuellarc,""
mariagoro19,""
MariaGu89818049,""
mariahelenasier,""
marialburaglia,""
mariamegon,""
MariaMejoa,""
mariana_sarria,""
marianabalcaza9,""
marianacec51,""
marianalmaraz,""
MarianaLozano,""
MarianasLepe,""
marianatoti,""
marianglada1,""
marianitaeg83,""
MARIANMARICHAL,""
marianovs85,""
MarianReeds,"War is over! if you want it / Archetype AVM @AVM_Mex/ ITAM ( el daño esta hecho :))/ Teatro / ¡No nos silenciarán! / Milla verde/ posada Rojas en mi ❤️"
MariaNubiola,""
mariapa2010,""
MARIAPAZAP,""
MariaRinconr,""
mariaruedamanti,""
MaricelaTern,""
marie_mgarcia90,""
marieche85,""
marielaramirezu,""
mariellamofi,""
MarielStyle,""
marietodi,""
MariFerZc90,""
MariiferMtz,""
MARIJUA50613455,""
marikar55,""
marilusi0211,""
MariMapis00,""
marimota61,""
Marina19jm,""
marinadelCampo2,""
marinillanaran,""
Mario1989Guti,""
Mario_2236,""
mario_vader,""
MarioAn131159,""
MarioAP13,""
mariochmz,""
marioneta1341,""
mariorivasl,""
mariorogue1908,""
MarioSnts68,""
mariotapianava,""
MarisolRendn1,""
MarisolVelaAmi,""
maritadeedee,""
maritamty,""
marite1951,""
maritzacano4,""
mark_relax,""
MarkIsraelMora,""
marko3m3,""
markosh100,""
markosms,""
MARKOWICKS,""
markzljp,""
Marlencamargor,""
marlito9988,""
marmatico,""
marmore24,""
marne_E,""
marodlom,"Colombiana ,Uribista por siempre , no a la impunudad ! ciudadana de pie !"
marogab,""
maroto2510,""
marpat02,""
MarrAlejandra,""
Marro66,""
marronstudio,""
Marsan339J,""
Mart_zara,""
Marta_Ene,""
marta_fierros,""
MartaAvendao,""
martavianey1,""
marteran1,""
marthacabrerita,""
marthaelcamacho,""
marthaelmar,""
marthanrojas,""
martharin56,""
MarthaSanchezxp,""
MarthaVAnzures,""
martibatres,""
marticamejiad,""
Martin_galois,""
martin_murillo5,""
martinespinosa,""
martinfrod,""
MartinvaleraM,""
martinvillazon,""
martismilloss,""
marto18,""
martsteel,""
martydar003,""
Marucoce1,""
MarujaMersalce,""
marushsmith,""
marvinreyes138,""
MaryAncar,""
MaryCabrera0013,""
marylsandoval,""
MaryLuBarraza,""
marypily05,""
marypipi_yu,""
MaryteMendozaA,""
MaryVal80479610,""
MARYZAR0429,""
marzozcanalizo,""
MaSg_,""
MaSoHeinZ,""
masolgf,""
master775,""
masterm555,""
mateo_a,""
Mateo_M04,""
mateogomez110,""
MATITINOS,""
MatosSantos_,""
mattasandra,""
matylda1971,""
mau6919,""
mau7651,""
Mau_BLS,""
mau_val,"Doing epic shit"
mau_wapo,""
maumartinez1969,""
maumatzsosa,""
Mauricio0180,""
Mauricio_S_,""
mauricior1317,""
mauroarguellob,""
mauroqueensny,""
mauroxt660,""
Maurozco88,""
mauuuuuuu1,""
MauVizK,""
MaverickUrix,""
max_paniman,""
maxdt,""
maximojavc,""
maxmaye15354547,""
MaxVelez,""
mayaladavid,""
mayapatylu,""
MayaRossym949,""
MayiselC,""
mayisgr,""
MayleeMontagut,""
mayojauja,""
mayorgajulian,""
mayra_arciga,""
mayraa_peck,""
MayraGarcia_80,""
MayraPg91,""
mbatiz71,""
mbolavarrieta,""
MCABALLEROJ,""
mcabrerasalazar,""
mcarmen34,""
mclmat,""
mcmm684,""
mcomesa89,""
mcp25_1,""
MCristi66485088,""
mcrp700728,""
mcvgtz,""
Mdv54,""
MecvMaria,""
medicenlery,""
MEDINARUIZIV,""
meemovaldez,""
MEGAPERTURBADO,""
mejiamiranda,""
melanager,""
melandreibv,""
MelbaDaniels,""
melbamedina50,""
MelCaullieres,"Psicóloga clínica, psicoterapeuta y comunicóloga especializada en terapia cognitivo conductual y psicología de la salud. Docente en Colegio México Bachillerato."
melchorSotoC,""
meLdros7,""
melissareynos18,""
Melissarror,""
MelZuluaga,""
memebabilonia,""
MemoaristiLeon,""
MemoDeAlba,""
MemoGDL,""
Memolp00,""
memovarela24,""
Menagc09,""
MendezIrisb,""
mendezly,""
mendoza0ivan44,""
mendozax33,""
menfis08,""
MercyCamacho,""
mericilla1,""
merkabados,""
MerlinMag0,""
Merlyjogalo,""
merriojaja,""
mesa_plural,""
mesc786,""
MetalRiderX,""
mevaletrestiras,""
mevskike,""
mexibre,""
mexico_uber,""
Mexpurdemexico,""
mextam69,""
mezambra,""
Mezquy,""
Mfdc75,""
Mfiligras,""
mflorestw,""
Mfossil,""
mfs109076,""
MgJosema,""
mgmenchaca,""
mgr2064,""
MhCheli,""
mhdezr,""
Mi_lebe,""
micami84,""
micarolinita,""
MichelleLeeHan,"☆〜（ゝ。∂）Magical Girl✨ ShawolVIPELF|【ｓａｓｕｓａｋｕ】| ONE OK ROCK＊| Me gusta el shoujo y comer palomitas (*☻-☻*)"
MichelYovanny,""
MICHIRRIS,""
MichMurguiaP,""
michomeji,""
michomonji,""
mictorres2000,""
Miek29230340,""
Migue_mu,""
miguebelikk,""
miguechavez0909,""
MigueGM97,""
MigueGomezR,""
miguel02599,""
miguel77mex,""
miguel_fvilchis,""
MiguelAK,""
miguelcortes111,""
miguelcruzmo,""
migueldallos,""
migueldiaz0943,""
MiguelEncisoM,""
MIGUELGARCIAFLO,""
MiguelGraueAR,""
MiguelHerndz89,""
miguelinrin,""
miguelmancera5,""
miguelmlrelos1,""
miguelo_vqz,""
miguelon_toro,""
MiguelRead,""
MiguelSaadOrozc,""
miguelservin06,""
miguelvel229,""
miguelveral08,""
miiCaaaxD,""
Miitalu,""
mijaelestafy,""
MijailVazquez,""
Mijares_,""
mikadix,""
mike_jarama,""
mike_lmdiazh,""
MIKELAFA,""
mikelarriada,""
mikelequilla,""
mikey_limon,""
Mikk_BE,""
mildredneira,""
milenaflowers14,""
milenag71673854,""
Milenatl,""
milenitaabn,""
millosgerman,""
milobitobago,""
milseis,""
miltonmercado,""
mimitica,""
mimival33,""
mimulus1,""
mina_lopez,""
MindfreakDNA,""
minervafor,""
MINmellado,""
Minos_212,""
mintic,""
mintransporte,""
Mintransporte,""
Miquin1,""
miraanda_gm,""
mireyasalas12,""
miriam_acevedo_,""
mirieagleeagle,""
mirivana,""
mirnahidalgo1,""
miroku2010,""
miron_06,""
Miry_adri,""
mishellbradshaw,""
misoledad57,""
MissouriTimes,""
Mizhieny,""
miztlariel,""
Mjcastelazo,""
mjdigo,""
mjgarciafl,""
Mkamus27,""
Mkandrade_mx,""
mkeren718,""
mlcastiblanco,""
mlgmrg,""
MlNegrita,""
mlopezcedillo,""
mmaagg_acosta,""
mmancera,""
MMANCERA,""
MMariopaz15,""
mmendezmares,""
MMiguelajorge,""
mmike76,""
mmonicruz,""
mmtrujillo,""
Mmzp17,""
MNumeritos,""
mobilalex,""
mobs72,""
MOESEPULVEDA,""
moiraccp,""
Moisesgv,""
moiyjc,""
molinalj,""
Mon_Var,"PR, Geek, Entrepreneur ,Fashion lover and blogger."
moneymendesxo,""
moni5447,""
moniarandav,""
Monica_Patino,""
monicacasagui,""
monicafce74,""
MonicaLozanoB,""
monicamedinaq1,""
monicasahnc1,""
MonicaVarColl,""
monicmar68,""
monielix,""
Monii_GE,""
monikapvm,""
Monimolozano,""
Moniq_pollo,""
moniquemm15,""
monita016,""
monky411,""
monmedinav,""
Monraz,""
monroymora,""
monsalve_edgar,""
Monse_Pntj,""
MonseDeLaOca,""
MonsieurJournal,""
montero0101,""
MonteroEmir,""
Montes9525,""
montserrat_pg,""
montserratchapo,""
monykcorrea,""
Monykitten,""
MoonNova,""
Mooris23,""
mopalov,""
Moragrega,""
morales_senen,""
moreno19661,""
moreno_rod,""
MorenoDagm,""
MorenoJul,""
morenomrz86,""
morningmode,""
MortonPerezjc,""
MoskeraMiledy,""
mospinahenao,"que cuente hasta 10 ni que culos....."
mosucha2001,""
moydanieldaniel,""
moyra_rodriguez,""
moyshen,""
MPeignault,""
MPVCM,""
Mr_Calzones,""
MrFloyd,""
MrIlseKoch,""
MrMemeJr,""
MrPcht,""
mrsevelia,""
MrSiniestr0,""
MrSinoe,""
MrVRobles,""
mSaLeMa,""
MSanchezArcos,""
msanchezin,""
MTMGCoah,""
mtvicenteno,""
mtzaglez,""
mtzazair,""
MUCHABROCHA,""
Mugen564,""
MujerRara1,""
MujerraraSusana,""
multinivela1,""
MundoJarcor,""
mundoposible201,""
munerasantiago,""
musicmadnessBTA,""
Muzquizmon_1979,""
mvallejochpt,""
MVBaeta,""
MVelazquezO,""
MVVG,""
mxjmvc11,""
MXPACO,""
MxUlysses,"Director de Círculo Rojo ⭕️ Periodista. Columnista en El Universal. Ahora en El UniversalTV cada domingo. Analista en ForoTv y autor de cinco libros ya. #CDMX."
MyAfrodita,""
mycguerrero,""
MyleGodoyG,""
myreace,""
myRevengeMercy,""
n26507585,""
Nacho_Flores,""
nacho_gonzalez,""
nacholg77,""
nachoponce3,""
nachoruiz29,""
nadamejia,""
nadezhna07,""
nadiarove,""
nadienada2015,""
nahliao,""
NahomiiAC,""
Nahua666,""
nalanga777devo,""
nalle256,""
NaMm71,""
nancygarciabern,""
nancymannco,""
NancyMejiaXP3,""
NancyRuizCaball,""
nano0593,""
NanRiveraJasso,""
NaomySantos00,""
napojul,""
NArturoRomero,""
Naruosito,""
NASHOS_BEADS,""
natalia0319,""
natalia15856835,""
natalia1966,""
Natalia_P_P,""
NataliaFajardo_,""
nataliamalavila,""
NataliaRamire43,""
nataliaspringer,""
Nataliasuccar,""
Nataliaverawal,""
nataliihernand4,""
natanatamolina,""
NatashaEslava,""
nathaguerrero1,""
NathKast,""
naticadavila,""
natiks0405,""
NATODIAZ27,""
natye_sol,""
NAVA1978,""
NavaRock,""
Navas_Rafa,""
navykiki,""
Nawiitha,""
nayejarquin,""
Nayeli_Carrillo,""
nayelithot,""
Nayuri80,""
nazhitop,""
nazhtiie,"Pink Floyd. IPN. Ideología Propia. Amante de lo natural. La pura sabrosura."
naziramos,""
nazzar_mara,""
Nbaz1,""
ncastrolondono,""
Neadoriana,""
nebadonwarrior,""
nebarloz,""
Neekandro,""
negassss,""
NegativeHvk,""
NegretC,""
negritocross,""
Negron50cm,""
Nejludov,""
neljar76,""
Nelluka,""
nelson_daza,""
NelsonRondon1A,""
nenareus,""
nene6811,""
neo3009,""
Neocari,""
Neopunker,""
neox1977,""
NequeVerumEst,""
NereaTorres,""
Nerimusikk,""
nestor_celis,""
nestorcepeda51,""
nestoro1974,""
NestorTello,""
netcrofilic,""
nethome_mx,""
NewmanCristina,""
news_deport,""
Nfalvarezm,""
NfelixO,""
nffarfan,""
ngarzonch_gp,""
NgelYeimy,""
nhefertitis,""
NicholasGaribal,""
Nicky_tiky,""
nicolas127,""
nicolasruiz1971,""
NicoleM50718956,""
NicolPoter,""
NicoTovar77,""
nicpincor,""
nidia_at,""
nidiamolinav,"La vida es como un espejo, si le sonríes te sonríe de vuelta."
NiDus8,""
NielssenK,""
nik_vpm,""
nileve555,""
NilsonFuentes,""
nilsonmarino,""
nilsonromo,""
ninalesmes,""
NinjaX88,""
ninshen1,""
nip90_samantha,""
NiPio_Colombia,""
nisa2906,""
nk_karencl,""
NLacera,""
NlchavezNorma,""
nmaniax,""
noeGneo,""
NoelGuzman8,""
noemachagollan,""
NoemiZapata4,""
NohoraRr,""
nolemarquez,""
nomaschacharas,""
nomasguerracol,""
noqarter,""
noquierotrinar,""
noragarciapach1,""
NoraNoraavila,""
NoriegaMarta,""
norma8460,""
normaa0808,""
normace08,""
normagtzf,""
normamoor,""
Normis_212001,""
normsbs,""
norpineda,""
noshion,""
nostalgiacaviar,""
noti5,""
Noti5,""
Noticiasalamano,""
NoticiasIphone6,""
NoticiasUno,"Noticiero colombiano dirigido por Cecilia Orozco, ganador del premio India Catalina a mejor noticiero nacional en 2006, 2010, 2011, 2012, 2013, 2014 y 2015."
notirestudinero,""
novanann,""
npalacios348,""
NpijdMuoz,""
npsico85,""
nruizg,""
nsanchezsaucedo,""
Nsanta31,""
ntorrespa,""
nubiahfo64,""
nubisgo01,""
NuBiTaAt,""
NuevoCiudadanos,""
NuncaNadieTV,""
NuriaSanz5,""
nuvia_vergara,""
NVigilante,""
nzaldo_ivan,""
O16smurf,""
o_ojozancu,""
oaguadarrama18,""
oah40,""
oamz292623emh,""
oanaranjo,""
ocampot,""
OcanaBonilla,""
ocarmeneses,""
oceballoss,""
ochentavo,""
ochoaalfredo232,""
ocsiist,""
octaortiz1,""
octavio_real,""
octaviollamas,""
OctavioRaul23,""
odairv,""
odarnta,""
Oddimian,""
odettegal,""
OdioMiVoz,""
oespinozam,""
oeve230455,""
ogaray21,""
ogarzon70,""
ogbm77,""
ograjalesh,""
ogroge,""
OGuerrero01,""
ohdelacruzv,""
ohhurtado11mos,""
OjiVerde_,""
olabri5304,""
olafito_21,""
olarab2,""
olbevallejo,""
OlgaRamirezm,""
olgercohen,""
olguinmom,""
oliaes,""
oligis_elle,""
olimpiagra,""
oliverbm1610,""
oliviasiempre,""
Ollie_1024,""
OLMOT,""
Olom401,""
olpa112897,""
oma_javier,""
OmaR08_,""
omaraxo,""
OmarBeltran85,""
Omarbhdez,""
OmarCadena9,""
Omarezac,""
omarochiv,""
OmarRodriguezL3,""
OmarRz1,""
OmarVidana,""
Ome_acatl,""
OmElmoz,""
Omershawaf3,""
omigu24,""
onesingleone,""
onofre2881,""
OnStarMexico,""
ontarioson,""
Ontibon,""
oo_nata,""
Opdeit,""
oportilloe,""
oquipo320,""
orblack18,""
org52,""
orgas2090,""
oriana2027,""
OrizagaM,""
Orlando0382,""
orlando_2703,""
orquide4,""
ortega1623,""
Ortega_Charl,""
ortegav877,""
ortizaol,""
ortomarco,""
oruelasqro,""
osalgado999,""
oscafary,""
oscar61832513,""
Oscar_1277,""
oscar_cisneros1,""
oscarandresster,""
OSCARBERNIER,""
oscarbm22,""
OscarBonucci,""
OscarC001,""
OscarcitoLol,""
oscarclemus,""
oscardaniel2011,""
oscardelg,""
OscarEduardoA07,""
Oscargonzalez89,""
oscarisra,""
OSCARIVANBORDAS,""
Oscarknt1983,""
oscarochoarios,""
oscarparales,""
oscarperdomos1,""
oscarperuyero,""
oscarrobles,""
oscarydario,""
oscosdimarco,""
oscroma,""
OsDeLaO,""
osito_peliwey,""
osk002,""
OskarinAriza,""
oskfabian,""
oskkastillo,""
oskrj,""
oso3949,""
osofuert,""
osogdl,""
osomugroso71,""
osoriocifuentes,""
osquitar325,""
OswaldoNomesky,""
OswaldoSerna,""
OswaldoTamara,""
otisolvera,""
OtoDepot,""
otonniel81,""
OtraMini,""
OttoBrandt,""
ottofxe,""
OvellonC,""
OyeMeow,""
ozcla,""
Ozimbica,""
OzkarleviRuiz,""
p4u_viri,""
P_U_M_A_7_4,""
pabisrojas,""
pablo2186,""
pablo62886931,""
pablo63manzur,""
pablo7rivera,""
Pablo945,""
Pablo_Arreola,""
pablo_ppr,""
pabloarias73,""
PABLOECATEPEC,""
pabloh3,""
pablop_san,""
pablopardovel,""
PabloPerez_OVD,""
PabloQuetura,""
pablos_s_m,""
pablosanba,""
pablovalleyrock,""
PacaMartinez,""
pacchen,""
pacheandrade,""
Pacheco033,""
pachitogonza,""
pachoaponte,""
pachogongil,""
pachohombre,""
pachomendez,""
pacificadora666,""
Paco1972,""
paco2688,""
paco2d,""
paco_monlo,""
Paco_Rivers,""
paco_tono,""
PacoAV,""
pacodiazcorzas,""
PacoMontemayorG,""
pacosoluna,""
PacoVegajr,""
PacoVelazquezG,""
PacoVentura01,""
padais35,""
PadiernaCelis,""
padresanto91,""
pagancito,""
Pagciudadana,""
pagottyhenry,""
Paiitou,""
painfulM,""
PAISAJITO,""
paisitadeo,""
Pakiyo619,""
PakoDroid27,""
Palacio07Andres,""
palcasjorge,""
paloma_gp,""
Palomajmc71,""
PaloMald0,""
palomequef,""
palomeras2002,""
palomita250389,""
palomovengador,""
palulava,""
PaMare50,""
PamCorSar,""
PameGutierrezF,""
pamelazm3,""
pamrodriguezv,""
panchis0128,""
panchito_ortega,""
Panchitu,""
pandita1986,""
PanditaV,""
pandroxita81,""
panoptic,""
panvg123,""
panycafe,""
panzu44,""
paob2011,""
PAODIOR,""
Paogarciasela,""
paola_mu,""
paolabetancur21,""
paolacanon15,""
Paolobruno7,""
PaoMartiinezz14,""
PaoOo_Ramirez,""
paoperez1979,""
paotenoriogzz,""
paotorres201555,""
paovarango,""
papacaipa,""
papadepao,""
papaitorock77,""
papeleriazonaes,""
papring80,""
paquitotero,""
paraujor,""
ParcheRock,""
paris07445446,""
Parkab,""
parra_dafne,""
ParraBorda,""
parturocar,""
Pascualt1,""
pastusoenmede,""
pat_ced_gar,""
patikua8008,""
Patitos18,""
patmuc1,""
pato154,""
patogzz94,""
PatoPreciado,""
patososos,""
patotenc,""
PatracaPatraca,""
Patrici02092012,""
patriciajj85,""
patricialle2015,""
PatriciaMosq,""
PatriciaRaya03,""
PatriciaSAtDell,""
patricita5758,""
Patsfp,""
pattoman,""
pattybg8,""
Paty_tol,""
PATYAVILES72,""
PatyChan5,""
Patyhdza,""
Patymiranda0235,""
patypatilla,""
patys_sam,""
Pau5z,""
pau_pau52,""
paugrv,""
paujet,""
paulagazpio,""
PauLankas,""
paulatyl,""
paulette_ci,""
paulg,""
paulinahg29,""
PAULOGONZALEZ11,""
Paundreca,""
pavman90,""
payback,""
Payofelix,""
pbricio,""
pccadilly,""
pcgzapopan,""
pe1306,""
pedco10,""
Pedro_Lievano,""
Pedro_Rios_57,""
pedrogaguilarg,""
PedroHtoGarza,""
PedroMIL,""
pedroparquer,""
PedroPeaMac,""
peeteman,""
Pegaso_m109cito,""
Peicaz,""
peisy_,""
pekitas77,""
peksmx,""
pelis251,""
PelonPerverso,""
PeLopez1,""
PELOTEROSOY,""
Pelsmarcen,""
PelusoMario,""
pemy84,""
penas11,""
pencinasm,""
pentine,""
pepamusa,""
PepBarea,""
pepe_62,""
pepe_jcv,""
pepeaburto,""
pepecricri,""
Pepedelahoya,""
pepegavalos,""
pepeledezma_gdl,""
Peperocas,""
pepesanvicente,""
pepitoboy,""
PePoO_MoReNo,""
pepperlucas,""
pequenacriatura,""
percap,""
Perce_Tejeida,""
perceus09,""
pereamart,""
PEREGRINO1950,""
peres256,""
perezlen1268,""
PerezLopezGomez,""
perezoso_85,""
perezperez28,""
Perfecto3jl,""
PeriDeLaVerdad,""
Peris1403,""
PerlaRambar,""
PerliKaty,""
perliuxms,""
permapi,""
PerodimeBenjaja,""
perro_ra,""
perseusgay,""
Pervezo,""
peryrizo,""
Petri47,""
peye181,""
PezYMista,""
pf_16,""
pga_86,""
PgenesP,""
PGJ_CDMX,""
pgmaniaco,""
pgurria10,""
PhilippWodak,""
phoenixdown_1,""
phonexpertos,""
phsyko19,""
picapeter,""
PicazoIs,""
pichuelo,""
pierre22lara,""
pijo,""
pililugrrr,""
pilobits,""
pilsmonz,""
pina_v12,""
pinalobe,""
PinedaAguirre,""
pinedandalucia1,""
PinedaRosado,""
pinkerella61,""
pinochotunitas,""
pinot_al,""
PiojoHumor,""
pipecortes92,""
PipeGonzalezMo,""
pipeloco53,""
Pirata_82,""
Piscilito86,""
piskisito,""
pitino87,""
pitorris,""
Pixtos,""
PizanaBlanca,""
Pjvs57,""
Pk2_7capitales,""
pks0021,""
PLANETATERROR,""
playadelcarmenx,""
playita13,""
PLinamaria,""
pliniokz,""
Pmping1M,""
pmtnzc19,""
pocholo693,""
PoedadC,""
poifoto,""
polemicaoficial,""
POLICIA_CDMX,""
policiadf,""
PoliticoOjo,""
politocom,""
PoliVialJal,""
Polo1Sierra,""
poloalex13,""
Ponchiio,""
PONCHO271010,""
poncho_opina,""
Ponchocardozo,""
ponkymcg1,""
ponquicasas,""
porrask2,""
PortavozdeTab,""
Portopacho,""
PORVENDER,""
PosadasAlberto,""
posli87,""
potita001,""
potrogdl,""
pp_cortes,""
ppabascalp,""
PPaoguerrero,""
ppbto33,""
PPG77,""
ppsantoyo,""
ppsolorio,""
ppvargaz,""
pquerubo,""
pr030903,""
prada_billy,""
Prensa_Alcaldia,""
PrieAndres,""
primerotuimagen,""
princessakitana,""
Printer7,""
priscyy81,""
prisionero_mix,""
prizzilitta,""
proesasgerencia,""
profegol6,""
ProgresistaVx,""
proimond,""
pronoensirpa,""
prooperty,""
PRosilesV,""
proteoandante1,""
Prototype_Mex,""
proxerzlk,""
psicoariel,""
psicologiaforen,""
psicomenace,""
ptomasena,""
Ptulande,""
puchuland,""
Puckitaa1,""
PULITZER01,""
pulver2008,""
Pumpkin_Soup,""
pupy75,""
purryserrano,""
Puwhis,""
pvajorge,""
Pyby,""
pyfuentes,""
pypo68,""
pzirion,""
Q_tiernoserbaja,""
QaarliiG,""
qennin53,""
qfernandezh,""
Qu_ique,""
qucho,""
quenosoylupita,""
Queretaro3_0,""
quetademuner,""
quetzal_q25,""
QuetzalMR,""
quetzyyyy,""
quinchamorenog1,""
quintanaomar1,""
QuirarteLuis,""
quirino2quiroga,""
quisuri1,""
quitog74,""
quorum_mx,""
R0cKANDL0VER,""
R1krdoIbarra,""
r2rooo,""
R4FL3X,""
r59_w,""
R_Alvizo,""
r_e_k_s_i_o,""
RaamirezGermaan,""
rabay68,""
RACMariano,""
racostapinto,""
rad8609,""
radianru_,""
radioconde,""
RadioMetropoli,""
RAEdaved,""
rafa57,""
RafaAnayaSilva,""
rafabm98,""
Rafael_Oro_fis,""
rafaelarboleda,""
rafaelcue,""
rafaeldelvallet,""
RafaelFlores196,""
rafaelfreyle1,""
RafaelHerB,""
RafaelM121447,""
RafaelPereaCald,""
RafaelPrezGarca,""
RafaelRazaol,""
rafaels63,""
Rafaelver,""
RAFAGA9779,""
rafamontufar,""
rafcar91,""
raffaflaco,""
rafflessoto,""
raflo78,""
Rafons,""
rahely78,""
RainAntony,""
rakealfa,""
RalMartnez11,""
RalVifer,""
ramc1408,""
RamireCasas,""
Ramiro_Perez22,""
RamiroGcia,""
RamiroMndez,""
ramiropinzon56,""
Ramo2110,""
ramon_cedillo,""
ramonperez529,""
Ramostachoz,""
RamosTibet,""
ramoz47,""
ramsmarcan,""
randres19,""
rangelanahi,""
RangelChris89,""
rangelmontano,""
ranitagris1,""
rapori666,""
raquel3535,""
Raquelafanador,""
RaquelVilla16,""
rar8210,""
raracosa,""
RArtMonk,""
raul_888,""
Raul_canelo,""
Raul_Goberr,""
raulalarcon,""
RaulArriaga5,""
RaulCas31122301,""
raulcoral93,""
RaulCuervoC,""
raulhurtado3,""
raullara95,""
RaulStark,""
raulsuarezsan,""
Raverp,""
ravinglacapital,""
RAYAS788,""
Rayulitas,""
RBluegirl,""
rborjas17,""
rboxer,""
rcalde17,""
rck_e,""
rcnlaradio,""
Rcristalina,""
rdefabrica,""
Rdegiovannini,""
RDerly,""
rdlcleasim,""
rdlgarza,""
rdzrdz64,""
RdzSayo,""
rdzwenn,""
Realmartore2,""
realpabscardona,""
rebe_kita25,""
rebecaguevara,""
RebecaMontesC,""
RebeSolis20,""
recard25,""
ReCoutt,""
recruzd,""
reddelb,""
REdgarmedina,""
REDPOLITICA1,""
REDREZI,""
reencard,""
refnand0,""
REFORMACOM,""
RefugioRivas,""
ReginaR97876944,""
reginasv6,""
reginosjc,""
rehmAuri,""
ReinaAlacran,""
remaleja,""
remariotaxista,""
rembertomontes1,""
remonisimo1,""
renadmar,""
renatosantucci,""
renatosx,""
rene98541,""
RENE_BEJARANO_M,""
rene_chairez,""
renedcb132,""
reneedjimsan,""
renemarisol,""
renepich,""
rengifodiegof,""
repintom,""
reporte_ando,""
ReporteroUrban,""
rerendiraag,""
resilenciarex,""
resorterontezd,""
Retrovisor10,""
REVISTA_ENRUTA,""
Revolucion3_0,""
rey5d,""
reyeslourdes,""
reynarocio_m,""
reyr2001,""
rfernandar01,""
rg1418931,""
rgarciacorro,""
rglua,""
rhlc,""
ribovalle,""
Ricabx,""
ricantra,""
ricardlacruz,""
ricardo16477057,""
ricardo40749216,""
ricardo9882,""
ricardoangelc,""
ricardogaye,""
ricardohgallego,""
RicardoJPenaQ,""
ricardolopezc,""
RICARDOLUHER,""
RicardoMaciasBQ,""
RicardoMD2,""
RicardoMedik231,""
ricardononadan1,""
ricardopitalito,""
RicardoRenter15,""
ricardosma,""
ricardosolarte1,""
ricdaza,""
RICHARD_RL17,""
richardb6705,""
RichardMayneCC,""
richardvego,""
richiealmazan,""
richiliu11,""
Richipositivo,""
RichPraz,""
Richstereo,""
rick5228,""
rickdone,""
ricky1872,""
Ridingthesubway,""
RidrigoRluna,""
Rigo15Ruiz,""
riguis1,""
rita_live,""
ritchie_brown,""
riveradiegof,""
riveralex75,""
Rivington_St,""
RivLety,""
rizzoenlanotici,""
rjacquarto,""
Rksillas,""
rkstnr,""
RLaQuadra,""
rlos,""
rlunabarrales,""
rmchao,""
rmgarci,""
rmguillen,""
rnrefrigeracion,""
roaibague,""
Roajjj,""
roalvarezchapo,""
rOaNoZoNe,""
robbie_berger,""
Robbiesupernova,""
ROBERGUGU,""
roberson101150,""
robert68tovar,""
robert84044,""
Robert_Fuju,""
RobertBauRey,""
robertgomez0719,""
roberto_arreola,""
roberto_vargas,""
RobertoCasti110,""
RobertoChimal1,""
robertorierag,""
robertosamaca,""
robertvazz05,""
robgomez82,""
roblesgilguill1,""
robram12,""
rocasaja,""
rochydieguez,""
rocio_gmai,""
rociodealba,""
rocioglzm,""
RocioGuioG,""
rociotrian,""
rociovivancog,""
RockslayerRPG,""
rodguerrero01,""
RodKarmen,""
rodls11,""
rodment,""
RoDoJ14,""
rodojara231,""
RODOJAVS,""
RodolfoLuqueGar,""
RodoSag,""
rodri1169,""
rodriboost,""
rodricafre,""
RodrigeCesar,""
rodrigo20lrk1,""
Rodrigo_Ocampo,""
Rodrigo_R18,""
rodrigocardozog,""
rodrigoderbez12,""
RODRIGOJAIRCHAV,""
RodrigoLadron,""
Rodrigom59,""
rodrilmg,""
roge69,""
rogelioarballo,""
rogeliocorderon,""
RogelioGomezRi2,""
rogelionuno,""
rogerdragon,""
rogermm2015,""
rogersve2,""
rojinegra30,""
RoketJorge,""
rolandpaz,""
RollyElizalde,""
Rom_Alan,""
romaga481,""
RomCok1,""
Romell80,""
romell82,""
romeoypaleta,""
ROMERMAURICIO,""
romerochilango,""
romerosxxx,""
rominagalan,""
romomiguel70,""
romotupac,""
romundoro,""
romygtz,""
RomyQuirogAyala,""
RonalMC1,""
RONGHAMI,""
roots_andypal,""
roquito50t,""
RorBoss,""
Roro73r3,""
rortunom,""
Ros_barc3na,""
rosa29478,""
rosaavila619,""
Rosacatl,""
rosadero,""
RosaElenaGonza7,""
Rosal60,""
RosaMariaNuezPe,""
RosaMujerRara,""
rosas_romerocar,""
RosasDeLaNaye,""
roscuberm81,""
RoseroHelen,""
roseteluis,""
rosi2651,""
Rosilla100,""
ROSMAMAC,""
ross_gape,""
rossanajimenadi,""
rossmes,""
rossycontreras,""
Rosy_Car_mona,""
rotabori,""
rouge1603,""
rovarsa,""
RoxanaFonseca,""
roxio2402,""
Roxxxxxx,""
ROY5489,""
Royal_Boxers,""
RoYbarra,""
RoyItodeJamon,""
Roziocast,""
rparody,""
rpgsgg,""
Rpineda63V,""
rquijano76,""
rraspo75,""
RricardoHaro,""
Rsssap,""
rsvargasn,""
rsvic07,""
rubdarbo,""
ruben_arias_g,""
Ruben_asesor,""
rubeng570,""
RubenICasta,""
rubenlechugab,""
RUBENMALDONADOG,""
rubentopete,""
RubianoDany,""
RubiFavian,""
RubiosSol,""
ruborja,""
rudiieee,""
RudySerr,""
RuedaZurdo,""
rufisto,""
ruiz0104,""
ruizlalo8,""
RuizMarlin,""
rulascamargo,""
RuleteroHipster,""
RulinCastillo,""
rullos618,""
ruloock,""
RuLsAnVeL,""
RULYCASTILLO,""
rusolivares,""
russo1666,""
ruthgarciaorte,""
RUTHLIVIER,""
ruypozos,""
RVvazqu,""
rxsegura,""
ryuuji_sagara,""
Ryuuzok,""
rzambrano69,""
rzcamilo,""
RZRKAL,""
S1LVIAH,""
S4nt1ag0_13,""
S_Briceno11,""
SabelleFatale,""
sabinacascabel,""
sabogal160,""
SabogalS,""
Sabogangela,""
SabrinaGarcia,""
sacadavid,""
SAClavijo,""
Saenz58L,""
saenzmaria77,""
sagonero,""
Saidh,""
Sajormario,""
salas_yessica,""
salazarcesar31,""
saldanalindura,""
salespace,""
Salmo132,""
salmohalni,""
SALOconsola,""
Salpii,""
salvadoralv3,""
samaliju,""
samantha_villa9,""
samaracovian,""
samayo45,""
sambacob,""
sambar14,""
samgo102,""
sami_samu_sam,""
SaMibotIjas,""
Samira2395,""
sammpro,""
Samssvd,""
samue1554,""
samuelcarreon,""
Samueldln,""
SamyRudi1021,""
samyvera26,""
samyy664,""
san_victorino,""
Sanbobadilla,""
SanchezmMarcela,""
Sanchz0709,""
sanclaire81,""
sanctena,""
Sandidomi,""
SanditaO,""
sandokanurukna,""
SandovalYane,""
Sandra_Ander,""
Sandra_Molano,""
sandrachaparrot,""
Sandract17,""
sandraduq,""
sandramoral333,""
SandraNeyZ,""
sandrarecinas,""
sandrav68010240,""
sandrillaguzman,""
sandrisimacl,""
SANDRITARUIZ,""
sandritasantos6,""
SandroImposible,""
sandychocochips,""
sandyem84,""
sangeluzm,""
sania265,""
sanmile18,""
SanSanchezS,""
sansi521,""
SantaReynaGmez,""
Santiago_Zuniga,""
Santiagohoyuela,""
santiagovirrey,""
santicastle,""
SantillnSergio,""
Santo700,""
SantoVergazo,""
sanvi0520,""
sanz_matt,""
Saorva71Samuel,""
Sapasagi11,""
sapobeltran,""
sara59871,""
SaraeliCruz,""
saraolivia3,""
SaraValderramaC,""
SaraZafraMurcia,""
sarisnj,""
sarnoso25,""
SarriaAlvaro,""
Sartanmx,""
sasdlc,""
saul_gb,""
saulcampos8701,""
SavageBlue1,""
savinongarza,""
saynomortegon,""
scabarcas40,""
ScarlettRgz,""
scaryd16,""
SchulzAlfred,""
scoobytazo,""
Scoobytazo1,""
SDeAlba,""
sealclas,""
seandersonn_,""
sebaslunad,""
SebastianCross,""
SebastianUgalde,""
SebastianVerMer,""
sebuscaesteban,""
SedanoEmmanuel,""
SeiRonin,""
Selmiks,""
SeMeColo,""
SEMJASEIN,""
senisoga,""
senn_sei,""
SepulvdaDavid,""
SerAndresSer,""
SerCastilloG,""
serchxverso,""
seresdylandu,""
Sergio95738769,""
sergiobarradas,""
sergiochangeman,""
sergiol76,""
sergiomg11,""
sergiomo4,""
sergiorobjas,""
SergioRomeroZ,""
sergiotglez,""
sergioverduzcop,""
SernaJD94,""
seroniz91,""
serpientequetza,""
serragua52,""
serraned08,""
Serrato17Maria,""
sersilverio,""
SETRAVI,""
sevillacristia1,""
Sexenio_Brasil,""
sexsexdream,""
SexyVeki,""
sgaona1210,""
sgfmovistar,""
sgil35,""
sgomezcusguen,""
shaggyviurquez,""
Shalma89,""
shannenwar,""
sheilasoler2003,""
SHernandezJ,""
SheronrockF,""
shickis212,""
shihuesca,""
shirlytacifu,""
shoko436,""
shos404,""
shoycolombia,""
shunkhi,""
sialmaster,""
siarenita,""
sibogota,""
sidviasus,""
silvanob64,""
SilvaYorly,""
silviams04,""
silviamtzr32,""
silviaTak,""
SilviaVitys,""
silvihas1,""
silvrib,""
simcocali,""
simjackie,""
sinuhe_medina,""
sior33,""
sir_chris007,""
sirlogan777,""
SirRyl,""
SirWilliams10,""
sisifo55,""
SistemaEGuibbor,""
sitio132,""
SITIO300AC,""
skoloffon,""
skualoR,""
slenderdeathman,""
smartysofi,""
smejia0910,""
smejiae,""
smokie_lalol,""
snakes199,""
snorcle,""
soalja,""
sobacoletal,""
sociosubermty,""
socofercel,""
socratesateno,""
socruel23,""
Sodaes03,""
SofCoronaM,""
sofi54985,""
sofia_rosales14,""
SofiaBltzar,""
SofiaRincon_,""
sofiarojas2430,""
sofisabellag,""
sofmarina,""
soiyios,""
sol32121,""
solavaraliugae1,""
Solcat_MSC,""
solesito1223,""
soleykris,""
solitario_apolo,""
solrac357,""
SolToy1,""
solycesari,""
solyeri602,""
Sonia_qdbp,""
soniadlcm,""
sonny0712,""
sonrics61,""
sonyakrolinas,""
sonyavargassae1,""
soph_2102,""
SOUJAM,""
sovoxfcol,""
SoyAngelDz,""
soyapierre,""
soybrendadice,""
soycatarro,""
Soyelfin666,""
soyesecarlos,""
soyHERESDAL,""
SoyLorraine,""
soymigueldavid,""
SoyOctapolar,""
spaguettiveloz,""
speedymiguelito,""
SpinCutter,""
spinola71,""
spkular,""
spoilt299,""
sportcity_mx,""
sqmussenden,""
Sr_Pandaman,""
Sr_Tedio,""
SraCLaus,""
SraVega,""
Srbobya1,""
SRELOYML,""
SrGarfiio,""
srobermx,""
sruiz152,""
SsamyIs,""
ssantosugarte,""
ssoler31,""
SSP_CDMX,""
Ssp_transitodf,""
SSPDF,""
start1827,""
steelman52,""
Stefytc,""
steleers74,""
STELL985,""
stella2014rest1,""
stepoved,""
stillinmind_,""
StinkerGod,""
STManizales,""
stmanosalva,""
stoatshead,""
storm_sus,""
STPSJALISCO,""
stregita69,""
Studio755,""
sturricada,""
stylobeads,""
Sudgetza,""
sujailamarcela,""
supercavm,""
SuperNewNow,""
survivor5382,""
susalez30,""
susanaduquel,""
susanarosas18,""
susfonny,""
SUSGMIX,""
Susy_ki,""
susytrejoscott,""
svmns60,""
svs_12,""
sye1234,""
SylviaCastri,""
t0nyz3b,""
taaniivar,""
Tacorora,""
Tadeouva,""
tafo10,""
takarto,""
TalaNoticias,""
tamagochisay,""
tan301981,""
taniadaniela_z,""
TaniaoL,""
TaniiaaaCn,""
TannyStudio,""
tapatioebrio,""
tappsi,""
Taratiann,""
Tarnhelm_,""
TarragoLuis,""
TataluzAr,""
Tatanzot,""
TatianaZelma,""
tatigar99,""
tatiisazav,""
TatiVirvi,""
tatoteamo,""
Tatysmontano,""
tatyzelt,""
tavalori31,""
Tavo319,""
Tavo_LS,""
tavo_villalba,""
tavoadl,""
tavofer23,""
tavokk,""
tavolanq,""
tavoman88,""
tavomoreno75,""
TavoNeoz,""
taxiairportmex,""
TAXICDMX,""
taxichucho_306,""
Taxiencordoba,""
taximarbella23,""
Taximex_,""
TaxiQuejas,""
taxisconestilo,""
taxisecab,""
taxistas,""
taxistephan31,""
taxisunidosmex,""
taxmarti,""
tazgigio,""
tblacklist1,""
TCaseta,""
TecCel2,""
tecnotopia,""
tecoear,""
Tecpanero,""
TeenInsta,""
teesha_soleil,""
teflondonit,""
telediariomty,""
tellod07,""
Telly2107Mena,""
tenochherrada,""
tere6845,""
Tere_Mx,""
TeresaMOrtiz,""
TeresaR03462396,""
teresarazocoro1,""
teresuqui,""
Tess_Benitez,""
Testigo201,""
tet1126_meza,""
TetuanBenito,""
th34vengers,""
th_oscar,""
Thebigtruck_,""
thefenix28,""
theindieman21,""
thejuanshow_,""
thekopart,""
TheNano99YT,""
TheNorthFaceMx,""
thoyosg,""
THYSMARIS,""
ti2ice,""
tiamayi56,""
tiarorra,""
tiba_78,""
tiburonscuba,""
tiger_Jao,""
tiggergel,""
TigreCeballos,""
tikis_mikis,""
Tikzal,""
tilton4,""
timmyturnertim1,""
Tinmarbu,""
TintaPurpura,""
tintinrop,""
tiosam021980,""
Tippedeye,""
TipsDeHombres,""
TIRSOHDEZ,""
Tirsoum,""
tish_sb22,""
Tita_sail,""
titimercado62,""
titisruiz10,""
tito2658,""
TitoRamosPalenc,""
titosfritos,""
tlacaelel_2010,""
tlacualli123,""
tmajessica,""
TNAHDTV,""
tocayote,""
tocdmx,""
tohhuino,""
Tohuicochea,""
toledo_pako,""
tomasivolyn,""
TomEspectacular,""
TOMGON55,""
tommyko,""
tompiatecatl,""
TomyRocha,""
toni_sin,""
toninhovega,""
tono_alvarez,""
tony_cech124,""
TonyCB1,""
tonyfiresky,""
tonyogomez,""
TonyVelasco,""
toquikm,""
TorCC21,""
tores584,""
torosiabato,""
torosovaciones,""
torres_pato1075,""
torreshcarlose,""
torreskano,""
Torrez8n,""
torrijos24,""
TortorellaAnna,""
totisberto,""
Totti10_Mex,""
towerangie,""
ToxSera,""
tprl84,""
trampsred,""
TransitoBogota,""
transregzac,""
trejo_espinosa,""
Trejoml,""
trendinaliaBOG,""
tresemesalfaro,""
TrexJime,""
trianea,""
TrineeseEste,""
TrinoETuta,""
TrinoMunoz,""
triphopp,""
Trudii11,""
TrujZulay,""
truthAboutLif,""
TruzaChupa,""
TRV280,""
tsumi_tenshioh2,""
Tu_Mascarita,""
tuitver,""
tumama78,""
TungMaotse,""
tunjanadeDios,""
turronciego,""
tvfranquicias,""
TVIntegral,""
TvvTania,""
tvyfma,""
tweedgargf,""
TwettsCabrones,""
twiterjuan1714,""
twitjuanloma,""
twocannn,""
txaeropuerto,""
tylerjjdurden,""
tyrionln,""
tzeath,""
UbaldoMariano,""
Uber_taxco,""
uberfacturas,""
UberHMO,""
ubermexico,""
uberneyvallejo,""
ubersequedagdl,""
UdeG_politica,""
uds,""
UgoElias,""
Uldaricotxilibr,""
UleMoreno,""
ulises_cabrera,""
ulises_ru,""
Ulisesgdl,""
ulisesglez210,""
ulloajuancarlos,""
ulysses_M_,""
umana_groelfy,""
umbertoblazquez,""
UmbrellaRing,""
unamazul17,""
Unamita72,""
unbytedelcielo,""
unicdavi,""
unimostuff,""
UnInmaduroDice,""
UnitedSlays,""
untalchinese,""
UntalMan,""
UnTalPlinio,""
upatrocinio,""
urbano2068,""
urdreyes,""
UribePaSusTres,""
urielbanks,""
urishefer,""
urleidht,""
uro_c,""
ursomayor,""
UrsTovar,""
utaifomylove,""
UvaAlejandro,""
Uzieloso,""
v_nightryderb,""
v_yein,""
Vaglez_Carmen,""
vagoculto,""
vajrapani_,""
val_ebria,""
valberry10,""
valde_jhon,""
valdez67,""
ValdinAntonio,""
vale_glex,""
ValeCampo2,""
valediciembre26,""
valeen457,""
ValeMar_Bisuter,""
valemhse_maurio,""
valenpel,""
valepielcanela,""
vallejothomsen,""
valnet_2,""
Valquiria81,""
ValViRi,""
vanadina,""
Vane_Lucio,""
vane_shua,""
Vanelong29,""
vanery16,""
vanesitarosada,""
Vanessa10015,""
vanessa140977,""
vanhoo1997,""
vanmota,""
varhig15,""
vaulbe,""
vazquez1024,""
vazquez_efrain,""
vazquez_villa,""
vazquezchelius,""
vecheverri,""
VECINOSNONOALCO,""
VegaJcarlos,""
Velas1995,""
VelazcoMtz,""
velbarb,""
velez7513,""
VelezRosaura,""
velia_4,""
VelrodAle,""
vendeconvalor,""
vera1990mch,""
verdad_chiquita,""
Verdad_Yucatan,""
VerdadOpinion,""
VergaraHugo92,""
verits8,""
vero12251,""
Vero_DL,""
vero_vega7,""
verogpinto,""
VerohCarmona,""
veromarinm,""
veronicaperalt8,""
Veronicasaji,""
veroposse,""
verotolentino01,""
VeroYCarvajal,""
VERRI50,""
vh1979,""
vh81410,""
vhos2807,""
viajero77,""
vialidadjal,""
vianchita,""
vibria_cholerae,""
Vic0298,""
Vic_moco,""
Vic_thor468,""
vicanmar,""
viceentio,""
vicenteolave1,""
VicGarridoF,""
vicman1707,""
vicMarZA,""
VICTHORKHUGO,""
victor_30a,""
VictorAntonio7,""
victorarce1,""
VictorBauG,""
VictorBetamen,""
victordelaconc2,""
VictoriaMoran8,""
VictoriaVenega7,""
VictorM37282014,""
victormanuelfs1,""
VictorMntl1,""
victormuribe,""
Vicvicelmejor,""
vicvillanuevaq,""
vigarciap,""
vigilante13,""
vihetre,""
viilla_,""
Vik_alf,""
vikoplascencia,""
vikosvan,""
viktoraton,""
VillaMiguel1,""
Villavic29,""
villegas_fco,""
villegas_mr,""
villegasaj,""
vimaveur95,""
violetator68,""
viovisa,""
Virgimac,""
VIRGINIAVeaf,""
ViridianaHernn8,""
ViridianaPMiran,""
viruspe,""
virymzzpn,""
visavi1001,""
vitaplatano,""
vivas_srod,""
viverosm,""
vivianajisa,""
vjadad,""
VkMafalda,""
vmanel,""
volysweet,""
vordorica,""
voro523,""
vossito,""
vow21,""
VozAfonica,""
vozalonas,""
vps1081,""
vroberto52,""
vsilveyra,""
vstoopen,""
Vvaleria6,""
vyquita,""
W110111312,""
w3mx,""
w_radio,""
wake1217,""
walvel75,""
warren_60,""
warriorcybers,""
wasedo,""
WASHINGTONSUAR2,""
WCA_,""
Wcristancho2020,""
wea290,""
Wecnk,""
weed_edd,""
wenceslaohr,""
WendyGalaviz,""
wero_pranganas,""
westendgdl,""
wevoptimization,""
wfac81,""
wfgfma,""
WFXARQ,""
WGFocilL,""
wicho107,""
wilbert36558382,""
wilcortes375,""
willi310bermu24,""
willia493,""
WilliamsGarza,""
willianbuitrag1,""
willper25,""
willruiz1706,""
willyferneygil,""
WillyFogg34,""
willymovil691,""
wilmer170461,""
wilsonplays1,""
wilsonq626,""
wilsonvargasm,""
wimag64,""
winfante30,""
wini25,""
Wiserafin,""
wiskadorMASTER,""
witchimini,""
wmoreno_,""
WndyBeauty,""
wormyuo,""
wrico16,""
X10Z32,""
x1TranspDigno,""
XamueTX,""
xavitamara,""
XazhvierReyes,""
Xchel_Yair,""
XHuarachex,""
Xibalba_666,""
xidurmi,""
Xime_neira,""
XimeB13,""
Ximena_delvalle,""
ximenacaso,""
XimeRobayo,""
Ximetobe,""
Xims,""
XiomaraLizarazL,""
xiomaravalero96,""
xkarmanayax,""
Xmelvin,""
xosemaria,""
xoxYeYitaxox,""
xprestimex,""
xtaurusxx,""
yaergo,""
yahgohead,""
Yaidergomez1,""
yair445,""
yajairama81,""
Yamilator,""
YamillyB,""
yanedmorales,""
YanniPex,""
YaNoMeAcuer333,""
yanowsky100,""
YaquelinBueno90,""
yarde_yard,""
Yare_vargas,""
yaregracian,""
YareliRayas,""
YasminLinhare11,""
yasperleo,""
yaya10piquis,""
Yayita2805,""
YazPazos,""
ybgomez,""
yecidpcw,""
YehiniCarolina,""
Yeimymed,""
yejaco,""
yelyf12,""
Yemas,""
YennyRuthGordil,""
yennytiusso,""
yensabu,""
yepes05,""
yeshica7,""
Yeshua_Mendez,""
YessAlv,""
YESY64,""
yeymi30,""
yhairyanken,""
yinagarzon,""
Yinbust,""
Yisbcn,""
yisus1000,""
yisusalbert,""
yisusrevueltas,""
ykr0p,""
ynedeny,""
ynottonymen,""
Yo_BiCHo,""
yo_mero23,""
yobijoss,""
yoenmoran,""
yogero,""
yohanytr,""
yoko1ritona,""
yola_zt,""
Yolanda_Barrita,""
YolandaCarbone5,""
YolandaGarciaD7,""
YolandaMiramon2,""
yolandaprieto5,""
yolandayeomans,""
yolimajj,""
yolomolina,""
yoloxokotl,""
yolyee,""
yomamita,""
yoMerhongo,""
YonnierHiguita,""
yonofuilojuro,""
yoopino_libre,""
yorchdu,""
yorge_ac,""
YoSoyAja,""
yosoycarl0s,""
yosoycyan,""
Yosoyde1975,""
yosoyheroe,""
yosoypaam,""
Yostaltepetl,""
yosuneub,""
yozaquim,""
Yrme21,""
YskRmz,""
yungcacks,"Ig:carlosib19"
yunuenrangelO,""
YuriValades,""
Yusufcheche,""
Yuyis63,""
YVONNEDELATORRE,""
zacasonapa,""
zacatecasonline,""
ZAMBONPAOLO1,""
Zamo30_07,""
zandrarh_hot,""
zandrarivera,""
zanrass,""
Zapata68,""
Zapima,""
ZAPJAL,""
zarabimp,""
Zatrapa,""
zatrum20,""
ZeballosBea,""
zebopamc,""
zedadip,""
ZefeRamirez2,""
Zepellin91,""
zhura87,""
zien000k,""
zipcode07890,""
zlegasp,""
zoemi_landa,""
Zoffyreal,""
ZoiaFernandez,""
zombvatar,""
ZoonPolitikon12,""
ZULMAROMERO17,""
zulyrazopr,""
zuor19041969,""
zurc24,""
ZuripaM,""
zusanito,""
Zuzzannitta,""
zzeppelinmx,""
zzeus3,""
