O16smurf,""
o_mexia,"21. Trotamundos Mexicano. Se pronuncia como J, no como X. Copiloto de @BochitoOficial. OMX ||Snapchat e Instagram: o_mexia"
o_ojozancu,""
o_solorzano78,"Empresario, Comunicologo, RRPP, 15 jul 78"
O_Villasana,"Ex Presidente Municipal de León, Guanajuato."
oaguadarrama18,""
oaguila_r,"Life is an strategy. Lo mío es curiosear. Soy aprendiz de editor en @ZonaFrancaMX."
oah40,""
oalejandri,"Abogado metido en finanzas."
Oamarper,"Fundador y Presidente Grupo Fundidora (No, I’m not a millionaire, YET) Aficionado de @TigresOficial Ambientalista,Ex aspirante a Ingeniero y Viajero Dimensional"
oams009,"De Guadalajara... Apasionado al Fut-bol y a la Música"
oamz292623emh,""
oanaranjo,""
OaraizaR,"Guru de shortcuts en proceso, Motion designer, Animador Digital."
oarestrepo,"........"
Oaxaca3_0,"Revolución 3.0 Oaxaca: Tejiendo ciudadanía a través de la información#Oaxaca"
OaxacaRubrica,"Compartimos información en tiempo real  política, deportes, salud, tecnología, finanzas, opinión, etc."
obadcar,"Abogado, triatleta, vago por naturaleza, sin limites fisicos ni mentales lo mejor se planea en 5 minutos..."
obdugp,"Relaciones Públicas e Interinstitucionales de la Consejería Jurídica del Distrito Federal"
obedc,"Mi negocio es saber"
ObedLopezC,"Trance, Bro ✋"
ObesityDiabetes,"Somos un grupo médico  especializado en control de peso, diabetes y trastornos metabolicos brindando atención de calidad y personalizada"
obeyzaynx,"i'll figure it out. serendipity."
Obregoso_Duarte,"Y me buscaréis y me hallaréis, porque me buscaréis de todo vuestro corazón. Jeremías 29:13 ♥"
obserabsoluto,"Analista político y asesor de campañas e imagen. He trabajado en medios de comunicación. Me gusta el cine, el video, la fotografía, la historia y la lectura"
ObservaPRIBC,"Observatorio del PRI BC. Entérate de las actividades del PRI y sus líderes, analizamos el trabajo de los partidos y los políticos de México. Apoyamos a EPN."
ObservaPRIQRoo,"@ObservaPRIQRoo Información y análisis de las propuestas, proyectos y actividades del #PRI y sus líderes.#NosUneMéxico  Presidente Estatal @GilbardoMP"
ObservatorioPRI,"Información política nacional. Buscamos un partido más abierto, plural y autocrítico. Plataforma de priístas en todo el país. #PorTiMéxico"
ObservLegislati,"En @ITESO tenemos un modelo de evaluación del desempeño del Poder Legislativo alojado en@piapp_iteso. Ya evaluamos al de Jalisco."
OBuffete,"Somos una empresa especialista en la parte juridica,nos dedicamos a resolver asuntos legales de cualquier rama,nuestra prioridad es su tranquilidad."
ocampo_eduardo,"Gerente Jurídico Laboral y de lo Contencioso de Grupo Peñoles, damini factum, dabo tibi ius"
Ocampomaro,"Reportero en Informe 100.1 Radiológico y en Capital Morelos. De Cuernavaca, México."
ocampot,""
OcanaBonilla,""
ocarmeneses,""
ocballesteros,"Ingeniero Forestal  Esp. en Gestión Ambiental Sostenible.  Esp. en Sistemas Integrados de Gestión HSEQ.  Auditor  HSEQ"
OCBARNEY,"Abogado. Comercio Exterior, Arbitraje Comercial, Antidumping, Abogacía, Colegiación, Historia del Derecho."
oceballoss,""
ocespedesr,"..."
ochcarolin,"Why fit in when you were born to stand out?"
ochentavo,""
ocho_tv,"Canal de TV, informativo, de periodismo, investigación, análisis y entretenimiento, que transmite 24 horas contenido de interés general y fundamental"
ochoaalfredo232,""
oclusivasorda,"off"
oconstantinus,"Transparencia, Derecho y políticas públicas. Me gustan los gadgets, cómics y narrativa. RT≠aprobación o respaldo. NRDA tontos con pretensiones. Borro tuits."
Ocovenenonomata,"Srio. de Desarrollo Social del Club Primera Plana, periodista, escritor, autor del Sexto Sol"
ocsiist,""
octaortiz1,""
OctaVargas1,"A veces el veneno, a veces el antídoto."
octavio_abad,"Jesus died for somebody's sins but not mine ..."
octavio_real,""
OctavioAcosta,"Ejerzo mi derecho a la Opinión Pública y no Pública. Proyectista de Sistemas HVAC. Aunque a muchos les cause escozor nuestra Libertad de Expresión.  :)"
OctavioarJuan,"Sólo un habitante más de este planeta que quiere informarse lo más posible y compartir su pensar con mucha gente de su país (México) y de todo el mundo"
OctavioGomezA,"Periodismo, Libertad de Expresión, Comunicación Digital y un poco de Iron Maiden"
octavioislas,"Doctor en Ciencias Sociales. Director de la revista web Razón y Palabra."
octaviollamas,""
OctavioMVargas,"no_description"
OctavioMVargas_,"Abogado, egresado de la UNAM. Secretario Nacional de Asuntos Electorales. #PRIISTA de hueso colorado. (Parodia )"
OctavioRaul23,""
octavo_enrique,"Grata compañía será lo mejor contra los pensamientos aprensivos, pues la indolencia es la madre de todos los vicios."
odairv,""
odarnta,""
Oddimian,""
OddiyanaC,"Consultoría en soluciones CRM para tus Procesos de Venta y control de información en la Nube. Metodologías y Sistemas para el marketing en Redes Sociales."
odebconuee,"Director General de la Comision Nacional para el Uso Eficiente de la Energia"
odettegal,""
odi_atakofeno,"Lic. En Derecho. Estudioso de las políticas publicas y la rendición de cuentas"
Odielsanto,"Con objetivos claros, todo es mas fácil.. La vida sabe a caramelo.."
odiomistweets,"Humor picante. Todavía no me he suicidado. #BrandMen // jonathangraffe@hotmail.com"
OdioMiVoz,""
odiseobichir62,"Actor. Muy afortunado de vivir al lado de Yolanda Ventura y disfrutando sus asombrosas inventivas!"
odlopez82,"Maestro en Guitarra de la UdeA y porque me preocupa tu planeta, soy un Ing. Ambiental en formación. Hincha hasta los tuétanos del DIM."
odontouaq,"Profesor Investigador de tiempo completo. Orgullosamente 100% UAQ"
OEMenlinea,"Organización Editorial Mexicana: La agencia periodística más grande de América Latina. Facebook: https://t.co/VCyHEIskpm Gana un mdd - https://t.co/yHae27uoCd"
oespinozam,""
oeve230455,""
OFabianC,"Mangue, je t'amie. I like mangoes. Me gustan los mangos."
OFE_RS,"Soñadora, amante del chocolate y los juegos de mesa"
OfficialMary1D,"16.En busca de mi gran quizá.|1D|JB|AM|DL|Books| #Pasta18 ∞ Snapchat: Holasoymary13"
OficialEmpanada,"Yo no necesito ganar."
OForense,"un corazón débil no conquista batallas. lic. Derecho, Criminalista gusto de la fotografia y de una buena lectura"
oframirezs,"Se comenta de todo!! Se escucha de todo!! Se lee de todo!! Se ve de todo!! (el orden no altera el caos)"
OG_Raul,"Ciudadano Comprometido || Coordinador de Organización en Acción Juvenil Jalisco || Poeta"
ogaray21,""
ogarrido_s21,"Editora de la sección de Internacionales"
ogarzon70,""
ogbm77,""
Ogete7,"Arsenal por lógica..."
OgilvyCT,"News & views on innovation and advertising from the Ogilvy & Mather Cape Town team. Follow us on Instagram: @ogilvyct"
ograjalesh,""
ogroge,""
OGuerrero01,""
oguerrero69,"Noctambulo por adopción y convicción, necio, obstinado y creyente que la vida no es tan seria."
oh1Darmy,"They've been saving my life since 2011."
Oh_Dae_Su,"CIO en http://t.co/5fNGs7PkfX /Gadget lover/ Web Dude/Youtuber/ Geek /Apple Fan/ blogger /Android Fan /Usbe.in /iphonefan.com"
ohdelacruzv,""
ohhurtado11mos,""
oiganaestas,"De alguna manera, en algún lugar, algo salió mal. No a todo. Nunca nos vamos a conocer."
oigoLaFM,"Oyentes @noticierodelafm NO OFICIAL - FANS"
Oiguenia,"Costa Rica, Nicaragua, Alemania, México."
OiramBros,"Mi deporte Voleibol, mi equipo Necaxa, Música, Cine, soy un irresponsable. Lo que mas me gusta, adoro y me importa es una niña llamada Angie O8D"
ojcubillosp,"Economista, Maestría en Ciencias Políticas. Creo en los campos verdes que trabajaron los abuelos. Defiendo lo rural porque es mi pasado, mi presente y mi futuro"
OjiVerde_,""
OJONACIONALMX,"no_description"
ojosderockaleta,"Aficionada de la moda y del maquillaje. Trabajo en Notimex. Amo la política, la NFL y el café"
ok,"Product Manager at @Lyft. Co-founder of @Kicksend. Author of iOS 7 in Action and MacRuby in Action. YC alum."
Ok_Tania,"#Periodista (#Journalist) // Apagafuegos de ocurrencias reporteriles // #Rocker-#Writer // Tweets a título personal // En persecución constante..."
olabri5304,""
olafito_21,""
olarab2,""
olarte6,"Ingeniería Industrial – Universidad de Los AndesJuniorista y Valencianista."
olasrichi,"Me gusta mucho la política y vivo con la esperanza que nuestros gobernantes hagan mejor las cosas, mientras yo aporto lo que puedo."
olbevallejo,""
oldsaulo,"viajar unas de mis pasiones, conocer a la gente por quien es mi locura, explorar cosas nuevas mi diversion!"
oldtruji,"Me encantan los gatos, enemiga de los perros y super amiguera."
olgameloBB,"“Soy mujer…… me quiero, me cuido y me respeto” fue el lema de un Campamento de Formación Cristiana."
OlgaRamirezm,""
olgareyramirez,"Pintora expresionista colombiana"
olgavi06,"Soy una enamora de Dios y de mi Familia.  Amo el Arte, Amo Pintar, Amo crear, Amo aprender, Amo enseñar, Amo leer y Amo servir."
olgercohen,""
olguinmom,""
olguinness,"santista de corazon y enamorado del Real Madrid"
oli82an,"Gracias a la èlite en el poder somos màs los pobres del paìs, el petròleo que es nuestro ùltimo patrimonio tambièn esta en peligro, defendàmoslo."
oliaes,""
oligis_elle,""
olimpiagra,""
Oliquit,"¡Qué maravillosa es la música!"
olisanz,"No se modifica la vida sin modificarse uno mismo"
olivasoscar,"hola!"
Oliver_Galicia,"Economista, deportista,amante del cine,la musica y el tequila,  creyente fiel de dios  no del hombre, sin color partidista y critico por naturaleza"
oliverbm1610,""
oliverosdorita,"JESHUA"
oliverossanchez,"i'm starving"
OliverSilgado,"Tan sencillo o tan complicado como tú quieras, sin embargo me gusta ser yo mismo. Mi símbolo favorito el Yin y Yang."
oliviasiempre,""
ollarzaval,"Ingeniero. Vive la vida al máximo."
ollidecm27,"Somos el buey de arado, trabajando largas jornadas, para poder tomar agua, un poco de pienso y un buen descanso"
Ollie_1024,""
OLMOT,""
OLobaton,"Imaginemos mi vida en 140 caracteres... mmm no cabe!"
Olom401,""
olpa112897,""
Oltom59,"Maria Pia atrapó mi mano y con ella mi corazón. Seguro me dijo Ven abuelo, recorramos juntos el mundo; así lo haré"
oma_javier,""
OmaR08_,""
Omar_AguilarG,"Journalist apartidista iconoclasta agnostico en @NoticiasMVS @MundoEjecutivo MaestriaPeriodismoPolítico, ProfesorUnitec, #followback cubro @EPN"
OmAr_AleeX,"El Mundo entero Podra abandonarte....Pero siempre te tendras a ti Mismo :)"
omar_comunica,"Reportero cachamentiras. Transparencia, Open data. DDHH. Tecnología y Economía. Trabajo en El Informador, Radio Universidad y Canal 44. Tuits a título personal."
Omar_DigitalMe,"Apasionado de la tecnología y las nuevas tendencias, marketing lover y guerrero digital. Digital Media planner at PepsiCo Internacional México."
omar_hawk,"Product Specialist Sony Mobile/Brand Activation"
omar_mikou,"“ The only white man you can trust is a dead white man.”  - Robert Mugabe"
Omaraleh,"Snapchat: omaraleh"
OMARARCINI51,"Poeta, soñador, trovador y fiel rojinegro...."
omaraxo,""
omarbaizabal,"If you feel the music as I do...I'll follow you..."
OmarBajad,"Puedo no estar de acuerdo contigo, pero respeto a la puta que te parió"
OmarBeltran85,""
Omarbhdez,""
OmarCadena9,""
OmarCamposllera,"Ingeniero Químico , sin complicaciones,"
OmarCarmonaX,"CD en #Mazzi, FO en @AvalantGroup. I'm #CnstPrjMgr, LLB & BBFM. #Madridista forever. #FIFAholic #Creator."
OmarDavilaT,"Reach Out And Touch Faith[Follow me n 'followback] Azulcrema de corazon C❤A, Socio Uber"
omaredel,"Endoscopista, melomano, aspirante a sibarita, tapatío, turista vitalicio de Vallarta"
Omarezac,""
omargal,"DG de profesión, creativo x emoción, Docente también soy. Director de Limón Partido... hoy, Gustoso de la fotografía #ilovemyjob, #StarWarsFAN #AppleFAN"
OmarGamboa,"Consultor/Strategist/Speaker #MarketingDigital | Director de @PremiosTWCo | Blogger en @ELTIEMPO | Excampeón interbarrios de escondidas americanas"
omargvillegas,"Journalist | Art Historian | Latinoamericanista | Tv Azteca | Profesor en La Ibero"
omarhmancera,"Patriota Uribista.  Cel: 3138046033"
Omarhorsedick,"hetero single"
omarisrahel,"Gente Bien Mejor conocido como El Magnifico El Fresita, Unikko e irrepetible Fantastiko & Genial El mas bonito sencillo carismático Whats 5529869098 Soy el Rey"
Omari